architecture/blob-protocol	B040-108	Persisted token values remain opaque strings and token_type, rather than provider-specific string shape, determines whether a token is ETag, generation, or emulated
architecture/blob-protocol	B040-166	The v3 cas_blob header occupies exactly 256 bytes: JSON occupies [0,json_len), spaces occupy [json_len,255), and byte 255 is a newline
architecture/blob-protocol	B040-167	The v3 cas_blob tag is a fresh random u128 per upload attempt and is the exact-token delete primitive; bld attributes newborn debris to the writer build
architecture/blob-protocol	B040-168	The v3 cas_blob envelope retains constant payload offset blob_header_len = 256 and does not use frame-level compression because payload identity is the raw bytes
architecture/blob-protocol	B040-177	Provider metadata is only a mirror for eyes and dashboards; the CAS protocol never reads it and must fail closed if it is absent
architecture/blob-protocol	B042-044	RustFS has demonstrably returned incomplete LIST results, while AWS S3 was untested in the cited investigation; correctness cannot rely on assumed store LIST behavior.
architecture/blob-protocol	B043-021	Freshness metadata is advisory: writers may point-read per-hash `.meta`, but reads do not consult it, GC deletes the blob body first, and an absent meta is equivalent to `Clean`.
architecture/blob-protocol	B043-070	Mutable and control protobuf objects should use `CasHeader`; streamed blob payloads should keep a binary envelope, and GC data-plane runs should use `RunFile`.
architecture/blob-protocol	B044-021	CAS blobs and manifests are immutable, content-addressed, write-once objects, and GC is required to preserve no dangle, no returned token, and over-count rather than under-count.
architecture/blob-protocol	B044-040	Persisted `BlobRef` fields use `ha` for the hash algorithm and `h` for the digest hex, and the searched user-facing tools contain no `p` JSON/output key.
architecture/blob-protocol	B044-059	Setting `metadata_type` to `cas` makes an object-storage disk content-addressed, shares identical content across parts or tables, and enables background reclamation after references disappear.
architecture/blob-protocol	B047-044	CAS integration configs use `<metadata_type>cas</metadata_type>` and the relink test asserts the wire literals `cas_pool_uuid`, `cas_relink=part_manifest_v2`, and `cas_source_token`.
architecture/blob-protocol	B049-057	`uploadPendingBlobs` creates one `Cas::BlobUploadRequest` per referenced pending blob and delegates to the free function `DB::Cas::fanOutBlobUploads(build, requests, pool, hooks=nullptr)`.
architecture/blob-protocol	B049-060	Fan-out tasks write only their own pre-sized stable result slot; the runner is declared after the result vector so its destructor drains every task before the vector is destroyed, including a dispatch-loop throw (`B90`).
architecture/blob-protocol	B049-061	`waitForAllToFinishAndRethrowFirstError` drains all tasks and then rethrows the first failure in ascending-ref order, and a rethrow bypasses merging results.
architecture/blob-protocol	B049-065	Duplicate blob references collapse to one upload task, and conflicting duplicate declared sizes are rejected with `LOGICAL_ERROR`.
architecture/blob-protocol	B049-067	Fan-out concurrency is bounded by the supplied pool size: pool 2 reaches peak concurrency 2, while pool 1 degenerates to serial execution with a bounded wait.
architecture/blob-protocol	B049-068	`clickhouse-local` initializes the blob-upload pool from `content_addressed_blob_upload_pool_size` during `LocalServer::initialize` and shuts it down during `LocalServer::cleanup`.
architecture/blob-protocol	B049-069	`clickhouse-disks` initializes the blob-upload pool with `DB::Cas::initializeBlobUploadPool(16)` and shuts it down in its existing `SCOPE_EXIT_SAFE` block.
architecture/blob-protocol	B050-003	The generation-8 canonical snapshot wire remains byte-identical, retains mandatory `"lc":"live"`, and does not bump `G_BUILD`.
architecture/blob-protocol	B050-004	Snapshot encoding writes literal `lc = live`; decoding requires the `lc` field and accepts exactly `live`.
architecture/blob-protocol	B050-005	Generation-8 snapshot decoding explicitly rejects retired `rte` alone, `rts` alone, and `rte` plus `rts` instead of skipping them as unknown fields.
architecture/blob-protocol	B050-008	`snapshotFramingSize` takes only `(ns, snapshot_id, row_count)` and preserves its exact byte count.
architecture/blob-protocol	B050-015	`writeSnapshotMeta` writes `live`, `decodeRefTableSnapshot` requires `lc`, and decoding rejects every `lc` value other than `live`.
architecture/blob-protocol	B050-027	`src/Disks/tests/gtest_cas_fold_seal_format.cpp:318` intentionally constructs the generation-6 `nsc` record and requires the generation-7 decoder to reject the marker-driven handshake.
architecture/blob-protocol	B050-084	The HEAD-before-GET pair is a protocol step and must not be removed as a cheap performance optimization.
architecture/blob-protocol	B051-035	HTTP 412 `Precondition Failed` is deterministic for conditional requests and must not be retried, even when an SDK classifies a non-AWS error body as retryable `UNKNOWN`.
architecture/blob-protocol	B051-038	The GCS conditional dialect maps `If-None-Match: *` to `x-goog-if-generation-match: 0`, maps numeric `If-Match` to `x-goog-if-generation-match: <generation>`, rejects non-numeric `If-Match`, and rejects conditional `CompleteMultipartUpload`.
architecture/blob-protocol	B051-063	The object-storage interface provides `removeObjectIfTokenMatches` for token-exact deletion and `copyObjectConditional` for write-once server-side copy with `If-None-Match: *`, both with fail-closed defaults.
architecture/blob-protocol	B051-064	`conditionalOpsUseGenerationTokens` and `isBucketVersioningEnabled` expose GCS generation-token and versioned-bucket capabilities so conditional operations can fail closed when unsupported.
architecture/blob-protocol	B051-072	`WriteBufferFromFileBase` exposes `getResultObjectETag`, and `WriteBufferFromFileDecorator` forwards it so a CAS writer can record the written incarnation token without a follow-up HEAD request.
architecture/blob-protocol	AUDIT-M-003	A blob's identity H is a streaming, chunked cityHash128 computed incrementally via HashingWriteBuffer with block size DBMS_DEFAULT_HASHING_BLOCK_SIZE = 2048 as bytes are written, not a one-shot hash of a pre-existing buffer and not read from checksums.txt; the storage key is blobs/<H[:2]>/<H>.
architecture/blob-protocol	AUDIT-M-013	Upload by placement: new content is written PUT If-None-Match:* (idempotent, dedup hit skips upload); cold reuse of an existing blob point-reads the object's per-hash .meta freshness state (Core/CasBlobMeta.h, MetaState{Clean,Condemned}) — condemned triggers resurrect with a fresh incarnation_tag, else the blob is reused as-is; this point-read replaced the old writer-side retire view.
architecture/blob-protocol	AUDIT-M-014	The build writes a precommit binding to a /_precommits namespace shard before publish, giving GC visibility into in-flight blobs; the fold barrier holds the +1 edge until the manifest body is present. Publish is one CAS PUT to the ref shard updating refs[part_name] and appending {+, name, T} to the journal atomically; tokened deps are edge-protected (EDGE-BEFORE-OBSERVE) and not re-checked at promote, while non-tokened deps get a per-hash .meta point-read and copy-forward-if-condemned inline in the blob-revalidation loop.
architecture/blob-protocol	AUDIT-M2-012	CAS's condemned detection is a per-hash `.meta` point-read (`BlobMeta{version, state, condemn_round, size}` with `MetaState::Clean`/`Condemned`), not a writer-side retired-view cache; the earlier `Store::syncRetiredView`/`observed_gc_round`/`view_gate` machinery and the `MountLease.observed_gc_round` field are removed entirely. GC always writes a `Condemned` meta before ever deleting the body, so an absent meta reads exactly as live as a `Clean` one.
architecture/blob-protocol	AUDIT-M2-013	The writer consults the per-hash `.meta` with a single GET (`loadMeta`) only at `Build::observeAndAdmit` (dedup-hit/adopt path) and `Build::uploadFromSource` (fresh-upload/condemned-displacement path); a `Clean` or absent meta is adopted for free, a `Condemned` meta throws `ABORTED` so the caller re-uploads from source (INV-1) rather than reading the dying object.
architecture/blob-protocol	AUDIT-M2-014	EDGE-BEFORE-OBSERVE manifest-trust adoption: for a tokenless W-EVIDENCE dependency naming a blob referenced by a live committed source manifest, `Build::promote` trusts the durable manifest edge (`isTrustedAdopt`) with NO per-file HEAD/GET, because the source pins the blob (in-degree >= 1, GC cannot condemn it) and this build's own precommit edge is re-proved live at the promote owner-liveness gate before the trust fires; `copyForwardFromCondemned`/`isCopyForwardableTokenless` are deleted as a result.
architecture/blob-protocol	AUDIT-M2-108	On GCS's S3-compatible XML surface signed with sigv4, none of the conditional operations CAS needs are enforced (create-if-absent, conditional overwrite, and conditional delete are all silently ignored — a wrong-ETag DELETE on GCS S3-compat actually deletes the object); the same HMAC credential pair, signed instead with GOOG4-HMAC-SHA256 over the GCS XML endpoint, enforces all of them via `x-goog-if-generation-match`.
architecture/blob-protocol	AUDIT-M2-121	The pluggable blob-hash Phase 1 design encodes the hash algorithm identifier directly in the blob's storage path (`blobs/<algo>/<shard>/<hex>`), records the pool's chosen algorithm in `PoolMeta`, and fail-close-validates that recorded algorithm against the disk's configured algorithm on every open, so an existing pool is never silently re-hashed under a different algorithm.
architecture/blob-protocol	AUDIT-M2-187	The content-hash algorithm (CityHash128) is an unversioned, unpinned pool contract (AD1-3): a future change to the hash algorithm would silently fork dedup and break relink, because nothing pins or versions which hash algorithm a pool's content-addressed keys were computed with.
architecture/blob-protocol	AUDIT-M2-292	`CasEnvelope` is a 70-byte little-endian core header (magic, writer_version, compatibility_version, hash_algo, flags, header_len, domain_id[16], incarnation_tag[16], build_id[16], header_hash[8]) followed by TLV extensions padded to a per-pool fixed `header_len`, so blob payloads always start at a constant offset for a constant-shift `locate`; `logical_size`/`logical_hash` core fields were dropped 2026-07-11 to let the header be built before the payload streams (S3-native staging).
architecture/blob-protocol	AUDIT-M2-293	`CasBlobMeta` (the `.meta` freshness sibling) is a fixed `CAMT`-magic codec with `BODY_LEN=22` (magic[4]+version[1]+state[1]+condemn_round[8 LE]+size[8 LE]); `version` must equal 1 and `state` must be Clean=0 or Condemned=1, else decode fail-closes.
architecture/blob-protocol	AUDIT-M2-310	Plain dedup adoption itself is free of `.meta` write cost (`CasBuild.cpp:337`); an earlier revision of the soak audit mislabeled the dedup-adoption class as carrying `.meta` write tags.
architecture/blob-protocol	B002-086	The envelope's `domain_id`, `incarnation_tag`, and `build_id` are excluded from `logical_hash`, allowing a new physical incarnation without changing the content address.
architecture/blob-protocol	B002-087	The incarnation tag is carried in the object body rather than provider metadata so changing it creates a new backend token without a metadata copy and remains portable across S3, GCS, and Azure.
architecture/blob-protocol	B003-031	The ETag fix makes `WriteBufferFromS3` return the `PutObject` or `CompleteMultipartUpload` response ETag, eliminating the head-after-put `HEAD`.
architecture/blob-protocol	B004-121	For tokenless evidence dependencies, `observeAndAdmit` reads and verifies the condemned object, wraps the payload with a fresh `incarnation_tag` and this build's `build_id`, and conditionally overwrites the observed token before admitting the new token.
architecture/blob-protocol	B005-018	Condemned-blob recreation uses the existing `Build::putBlob` cold-reuse rule on a retried build; the promote gate remains fail-closed with `ABORTED` because build-local sources are not retained at promote time.
architecture/blob-protocol	B005-093	GCS conditional semantics require a non-`x-amz` authentication dialect: GOOG4-HMAC or OAuth Bearer; `x-goog-*` headers cannot be mixed into sigv4 requests because GCS returns `ExcessHeaderValues`.
architecture/blob-protocol	B009-043	Build retains a parallel map of BlobSource objects for every putBlob hash, including streamed uploads and dedup-adopted blobs, because DepEntry is reassigned on adopt paths.
architecture/blob-protocol	B009-053	The tokened fix retains BlobSource in a parallel map for every putBlob hash, including dedup-adopted hashes, because later condemnation can affect an adopted incarnation too.
architecture/blob-protocol	B009-059	Build::promote keeps the outside-the-lock tokenless copy-forward pre-pass as a fast path and adds an in-closure backstop for condemnations visible only in the refreshed view.
architecture/blob-protocol	B009-073	The settled v3 blob layout keeps one key per hash and a minimal in-body 16-byte incarnation_tag plus payload; the manifest remains pure content and reads use a constant offset.
architecture/blob-protocol	B009-099	Freshness-meta v3 replaces writer-side RetireView retired-list downloads with per-hash .meta point-reads while leaving the exact-token body-delete core and read path unchanged.
architecture/blob-protocol	B012-068	An HTTP-attempt timeout is not the deadline for a complete logical CAS operation; CAS code owns retries, gates attempts on the local mount fence and remaining lease time, resolves uncertain writes from exact keys where permitted, and bounds retry budgets.
architecture/blob-protocol	B012-075	No protocol-significant CAS operation inherits an unexamined generic S3 retry policy.
architecture/blob-protocol	B013-032	Object-storage token handling is consolidated into `tokenForHead`, `tokenForList`, and `tokenMatches` so native ETag, GCS generation, and emulated list-token policies have one source of truth.
architecture/blob-protocol	B013-052	The shared S3 412 policy is consolidated into `S3::isPreconditionFailedError` and `S3Exception::isPreconditionFailed`, checking the HTTP response code first and canonical exception name/message as fallback.
architecture/blob-protocol	B014-025	Insert and merge uploads have different recovery behavior under a RustFS stall: an insert can re-stream from its still-live scratch file inside the query, while a merge failure discards the whole task and rebuilds without a durable object to adopt; proposed remedies are preserving staged merge results or using a size-proportional stream budget, with a circuit breaker as the outer safety limit.
architecture/blob-protocol	B016-021	Every persisted CAS format is converted to text, including `ref_log`, `ref_snap`, and the `blob_meta` sidecar; raw payload bytes are the only binary exception.
architecture/blob-protocol	B016-034	Wire structs such as `BlobMeta`, `RefLogTxn`, and `FoldSeal` move with their codecs into `Core/Formats/`, while protocol logic requiring a backend or layout remains in `Core/`.
architecture/blob-protocol	B017-017	`RefOwnerBinding` and `RefOwnerKind` are shared by the ref log and snapshot codecs in `Core/Formats/CasRefWireVocab.{h,cpp}` so peer codecs do not depend on one another.
architecture/blob-protocol	B017-052	The part manifest remains one object; its embedded `CARN` `RunKind::ManifestEntries` stream is replaced inside the same body by JSON entry lines and a trailer, with no separate object and no `CasRecordStreamFormat` reuse.
architecture/blob-protocol	B017-074	`ObjectKind`, `ProvenanceOp`, `Provenance`, and the slim `EnvelopeHeader` move with the envelope codec into `Core/Formats/CasBlobEnvelopeFormat`, while `CasEnvelope.{h,cpp}` are deleted.
architecture/blob-protocol	B018-038	The proposed `CasBlobUploader` extraction moves byte delivery such as `putBlob`, `observeAndAdmit`, `uploadFromSource`, HEAD-first handling, and staging promote/resurrect execution, while admit/adopt/resurrect choice, dependency recording, and the `promote` gate remain transaction state.
architecture/blob-protocol	B019-011	The CA branch of `DataPartStorageOnDiskBase::clonePart` creates one destination transaction, recursively streams every source file through non-autocommit `IDiskTransaction::writeFile`, and commits once.
architecture/blob-protocol	B019-012	Cross-disk CA part copying is sequential because the transaction's staging map is not mutex-guarded and MOVE is latency-insensitive; parallel copying is deferred optimization work.
architecture/blob-protocol	B019-025	The L2 fix copies every part file sequentially through one destination CA transaction and commits once, causing `publishStaging` and `PartWriteTxn` to upload deduplicated blobs, create one manifest, and publish one ref atomically.
architecture/blob-protocol	B020-019	Freshness-meta conditional writes must be routed through the shared `CasRequestController`, using controlled put-if-absent and controlled If-Match overwrite variants; transient errors must be absorbed inside the controlled call rather than swallowed as best-effort failures because stale meta state affects point readers.
architecture/blob-protocol	B020-040	Transient CAS write failures that are rerouted to the client use `NETWORK_ERROR` and a retry-later path, while terminal content conflicts such as `republishRef`'s unique-reference refusal remain `ABORTED`.
architecture/blob-protocol	B021-044	`CasJsonWriter` owns a `String`, appends inline, and supports whole-object assembly for bounded formats plus a reused line-scratch mode for streaming formats; it avoids `WriteBuffer` lifecycle overhead and per-record heap allocations.
architecture/blob-protocol	B021-047	`CasJsonWriter::stringValue` scans for control bytes, quotes, backslashes, and `0xE2`, bulk-appends safe runs, and preserves the canonical JSON escaping for `\\b`, `\\f`, `\\n`, `\\r`, `\\t`, `\\u00XX`, U+2028, U+2029, partial `0xE2` sequences, and unescaped `/`.
architecture/blob-protocol	B022-063	Per-write retry behavior is selected with the backend-neutral `ObjectStorageRetryProfile` token, whose values are `Default` and `SingleAttempt`.
architecture/blob-protocol	B022-070	The CAS-specific predicates `isMalformedRequestError`, `isEntityTooLargeError`, and `isAccessDeniedError` are moved to `S3Common` so CAS classification and `S3Exception::isRetryableError` share maintained error-name lists; `isRetryableError` itself is not changed.
architecture/blob-protocol	B023-072	`PartWriteTxn::uploadBlobDetached` is a side-effect-free upload primitive that returns value-only results and does not mutate transaction state; upload results are merged into each part's build serially after the join.
architecture/blob-protocol	B023-075	`RefOp::payload` and the related `RefPayloadUpdate` API are deleted under the pre-release no-compatibility policy; `SetPayload` becomes `SetPublishedAt` with wire word `set_published_at`.
architecture/blob-protocol	B023-101	The multi-commit design uses one dedicated CAS upload pool disjoint from `getThreadPoolWriter`; upload tasks return `DepEntry` values and merge them into `build->deps` only after joining.
architecture/blob-protocol	B024-005	`uploadBlobDetached` keeps conditional body/meta operations, freshness transition to `Clean`, condemned-object resurrection, dedup-cache operations, event emission, request accounting, and ProfileEvents inside each upload task so branch ordering is preserved.
architecture/blob-protocol	B029-080	The validator uses fixed 128-bit `XXH3_128` through `Primitives/CasXxh3Streamer.h`, not the pool's pluggable `blob_hash`, because it is a protocol validator that must compare consistently across disks.
architecture/blob-protocol	B034-055	Content-addressed encryption deduplication is scoped per encryption key, with key-local hash derivation.
architecture/blob-protocol	B034-058	The proposed `ch128ctx` blob hash is `cityHash128(content) ∥ xxh3_64(part_name, file_name) ∥ size`, a 256-bit slot-bound digest intended to prevent cross-slot adversarial deduplication while preserving same-slot retry and replica-write deduplication.
architecture/blob-protocol	B035-002	`Build::putBlob` was changed to stream the staged source instead of materializing it in a `String`, resolving the observed CA upload memory blow-up.
architecture/blob-protocol	B035-078	Incarnation identity is stored in the object body rather than provider metadata because metadata is write-once and requires copy operations, has an 8 KiB cap, and S3 ETags identify content rather than metadata.
architecture/blob-protocol	B039-039	`Cas::Store` remains responsible for protocol and object identity, including ref resolution, manifest validation, blob-location translation, and committed-ref mutation.
architecture/blob-protocol	B040-130	The v2 Payload family keeps CABL constant-offset ranged reads and replaces header_hash with header_crc32c in the guard slot while leaving payload bytes unchanged
architecture/blob-protocol	B040-138	v2 changes CasEnvelope.header_hash to header_crc32c at [86,90), with [90,94) as a zero u32, while keeping the 94-byte core
architecture/blob-protocol	B040-169	v3 drops cas_blob hash_algo, domain_id, header_hash, writer_version, logical_size, and logical_hash because they are redundant, unvalidated, replaced by ch and bld, or already absent from code
architecture/blob-protocol	B043-004	Blob identity uses an in-body incarnation tag and an exact backend token for deletion; generations are absent from object keys, so the `404 → LIST` degraded read path is unnecessary and Keeper is optional.
architecture/blob-protocol	B043-006	Immutable CAS content uses a binary hashed format and mutable hot-path objects use protobuf; JSON, pack objects, and the write-only build-heartbeat object were removed from the format design.
architecture/blob-protocol	B049-059	`fanOutBlobUploads` takes `ThreadPool &` explicitly so the same inputs can be run through a size-1 serial reference pool and a size-N fanned pool in one process; production passes `Cas::blobUploadPool()`.
architecture/blob-protocol	B049-062	The fan-out uses `ThreadName::UNKNOWN` rather than adding a CAS-specific enum value to shared `setThreadName.h`.
architecture/blob-protocol	B049-064	Serial-versus-fanned equivalence compares stable fields, logical payload, and backend metadata state rather than backend token values because concurrent fresh and resurrect uploads can mint tokens in nondeterministic order.
architecture/blob-protocol	B051-011	For CAS, `createHardLink`, mutable `moveFile`/`replaceFile`, and `moveDirectory` must be staged eagerly in transaction order; otherwise MergeTree can read the old state before commit.
architecture/blob-protocol	B051-033	A conditional PUT with a large body and `If-None-Match` or `If-Match` can be deterministically rejected with HTTP 412 before the body is accepted, so `Expect: 100-continue` should be used above a configured size threshold.
architecture/blob-protocol	B051-037	GCS XML API conditional writes require native GOOG4 signing and `x-goog-if-generation-match`; AWS `If-Match`/`If-None-Match` and SigV4 semantics are insufficient, and GCS may ignore conditional multipart completion.
architecture/blob-protocol	B051-056	The content-addressed `writeFile` implementation, including append read-modify-write, autocommit-inline versus content-blob selection, and the deferred-finalize lifetime pin, is moved from `DiskObjectStorageTransaction` into `ContentAddressedDiskTransaction`.
architecture/blob-protocol	B051-104	`ContentAddressedDiskTransaction` dispatches every staging operation directly to the metadata transaction in program order, including `writeFile`, `createHardLink`, and the `moveDirectory` re-key.
architecture/blob-protocol	AUDIT-M2-015	The manifest-trust adoption trade-off (D4 relink trust model, ordinary ReplicatedMergeTree interserver trust) means a genuinely-absent adopted blob is no longer caught at promote time — it becomes an fsck `dangling` finding instead of a promote `ABORTED`; this is verified unreachable in production by source-pin plus durable-edge, backed by an independent EDGE-BEFORE-OBSERVE consult and a per-test reachability proof. This also incidentally fixed the S13 soak-run-3 liveness brick where `republishRef -> promote ABORTED (condemned)` had left a table readonly forever.
architecture/blob-protocol	AUDIT-M2-110	The GOOG4-HMAC-SHA256 signer was implemented as a sigv4 variant (renamed constants: `GOOG4` key prefix, `goog4_request` scope, `x-goog-date`/`x-goog-content-sha256` headers) plus a precondition-header mapping (`If-None-Match: *` -> `x-goog-if-generation-match: 0`; `If-Match: <etag>` -> `x-goog-if-generation-match: <generation>`) and token extraction from the `x-goog-generation` response header, letting the existing CAS S3 backend target GCS natively via a `http_client = gcs_hmac` opt-in and a `TokenType::Generation` token kind.
architecture/blob-protocol	B015-110	A dedup-cache hit does not skip the occupancy HEAD; it avoids the body PUT represented by `CasBlobBodyPutAvoided`.
architecture/blob-protocol	B035-001	Before the streaming fix, `Build::putBlob` could materialize a `BlobSource` into a `String`, producing about 384 MiB peak RSS for a 64 MiB blob upload; testing this risk requires blobs of at least 256 MiB or the `ci/full` scale.
architecture/blob-protocol	B035-018	The CA write path historically spilled an entire part to `disks/ca/cas_scratch` before S3 upload: a 24 GiB part used about 24 GiB scratch and a 100 GiB part used about 93 GiB, so a part larger than local scratch was unwritable despite bounded RSS.
architecture/blob-protocol	B035-023	A single INSERT into a 256-partition table can take about 10 seconds because each partition piece performs a separate CAS commit with manifest, ref, and blob round trips.
architecture/blob-protocol	B035-044	`CasJsonWriter` reduced representative `BM_EncodeRefLogTxn` latency from 753 ns to 333 ns by bulk-appending one record at a time, but the proposed <=3x memcpy-floor gate was not met because the validating encoder remained about 10.8x above the 30.7 ns raw-copy floor.
architecture/blob-protocol	B034-102	Bulk deletion is rejected for GC because `deleteExact` must preserve token-conditional safety and report `TokenMismatch` without deleting the object when the token is wrong.
architecture/blob-protocol	B042-037	The HEAD-before-GET pair remains a protocol step under the standing veto; the proposed cache removes whole redundant edges and therefore does not remove the HEAD from an edge that is still fetched.
architecture/blob-protocol	B042-040	S3 bulk `DeleteObjects` is rejected for `pending_deletes` because it provides no per-object precondition, while `deleteExact` is safety-critical and backends that ignore its condition are rejected by `Cas::Probe`.
architecture/blob-protocol	AUDIT-M2-062	Comparing hot-tier consolidation snapshots via bare `checksums.txt` equality was rejected because MergeTree checksums are `CityHash128`, a non-cryptographic hash that must not gate a decision to skip reading bytes; inode witnesses / borg-style filesystem-identity caches were also rejected as side state alien to the CA model, whose identity primitive is re-hashing.
architecture/blob-protocol	B050-014	The generation-8 snapshot byte golden still begins with `{"type":"cas_ref_snap","v":8}` and retains the same ordered `"lc":"live"` metadata field.
architecture/blob-protocol	B034-060	Out-of-band uploads under a staging prefix must be adopted through verified hash-then-publish copy-forward rather than trusted in place.
architecture/blob-protocol	B034-061	A CA write path can spill an entire 100 GiB merge to approximately 93 GiB of local scratch, so very large parts require streaming hash support or documented S3-native staging.
architecture/blob-protocol	B043-096	The format-freeze work for `B176` must review envelope TLV fields and make the streamed `gc/snap` codec preserve streaming, compression, and ordering semantics.
architecture/blob-protocol	AUDIT-M2-434	In the meta-descriptor raw-body plan, the absent-meta AND absent-body retry mechanism in putBlob's step (Task 3 step 5) is left as an open implementation choice between a sentinel value and a re-throw-ABORTED-and-retry approach; whichever is picked, putBlob and observeAndAdmitByMeta must stay consistent.
architecture/correctness	B001-013	The manifest decode cache assumes the backend token uniquely determines content, but the capability probe does not currently test TOKEN⟹CONTENT; a weak recycled token could serve stale manifests.
architecture/correctness	B001-014	Plain-object helpers casPutObject and casRemoveObject bypass CasRequestController and can retry beyond the lease-bounded retry discipline used by the ref lane.
architecture/correctness	B001-041	The TOKEN⟹CONTENT contract is load-bearing for the manifest cache but is not verified by Cas::Probe.
architecture/correctness	B001-049	suppress_destructive is recomputed independently in fold and runRegularRound, so a future anomaly append between those reads could make fold and deletion decisions diverge.
architecture/correctness	B002-041	B140-dangle was caused by separately durable snapshot edges and `folded_cursor`; embedding the cursor in the snap codec makes trim and snap coverage co-durable.
architecture/correctness	B002-142	B140-dangle is pinned by tests requiring a shared deduplicated blob to survive dropping only one of two live refs.
architecture/correctness	B002-144	The S04/S04b under-count bug was fixed by replacing persisted integer in-degree with an idempotent source-edge set, making duplicate removals no-ops.
architecture/correctness	B002-183	The resurrect-reupload orphan occurs when GC tracks a retired entry by hash only; settling the old token without re-condemning a replacement token can leave the replacement present forever.
architecture/correctness	B003-105	B157 read-your-writes coherence increments `shard_write_seq[key]` before cache eviction and prevents a concurrent stale GET from re-caching an invalidated shard decode.
architecture/correctness	B003-106	B115 was caused by `ReadBufferFromFileView` retaining a stale `file_offset_of_buffer_end` after remote `setReadUntilPosition` discarded its inner working buffer, which could produce duplicated and missing granules as wrong query results.
architecture/correctness	B004-062	The implemented ref lane trusts a cold LIST as complete and enforces strict increase but not middle-log contiguity, so a missing middle log can be silently skipped; the v9 contiguous-chain design exists only in TLA+ models and plans.
architecture/correctness	B004-099	Deleting and recreating `cas/refs/<ns>/<shard>` under the old path-keyed cursor creates an ABA hazard: a stale `folded_cursor` can skip journal versions 1 through K in the recreated shard, losing its edges.
architecture/correctness	B005-074	Without a valid `gc/state` baseline, trimmed journals make a fresh GC interpret long-committed live blobs as zero-in-degree and mass-delete live data; this is fail-catastrophic rather than fail-closed.
architecture/correctness	B006-054	The queue implementation needed identity-checked map-entry erasure because a slow waiter could otherwise erase a successor queue by key and create two leaders with conflicts; test counters also had to exclude bootstrap and mount-renewal `casPut` operations.
architecture/correctness	B007-038	If GC fences a fresh lease before the adopt GET, the old `claimMount` and `claim` checks can resurrect a fenced incarnation under the same epoch, contradicting the terminal-incarnation rule.
architecture/correctness	B007-044	A rejected `ALTER TABLE s19_src MOVE PARTITION 2 TO DISK 'default'` correctly raised `Code:479 UNKNOWN_DISK`, but two `CasRootCas` operations occurred before validation, so the move was not perfectly atomic even though fsck remained clean.
architecture/correctness	B009-001	Build::promote must stop silently overwriting a committed ref, republishRef must make destination re-drives idempotent, and Build::abandon must retire build_seq only after precommit removal.
architecture/correctness	B009-012	Promoting over a pre-existing committed ref can leave two live Committed bindings for one ref and later make dropRef remove only the new binding, creating owner↔refs divergence.
architecture/correctness	B009-050	With gc_interval_sec=5, GC can condemn a freshly written blob in the putBlob→promote window and cause ordinary INSERT to fail with ABORTED at promote's blob revalidation.
architecture/correctness	B009-052	Build::promote's prior fail-closed revalidation aborted on a condemned tokened leaf even though that leaf had a retained writer source; the existing copy-forward pre-pass intentionally handled only tokenless adoptEvidence leaves.
architecture/correctness	B009-064	The tokenless race exists because the pre-pass observes retire-view round R while mutateShard may refresh the view to R′, making condemnations in (R,R′] visible only to the in-closure revalidation.
architecture/correctness	B010-007	A `tombstone` meta is terminal: a writer must never CAS `tombstone` to `clean`, because GC may already have committed deletion of the unchanged-token body; the writer instead waits boundedly for the meta to become absent and then fresh-uploads, failing with `ABORTED` on exhaustion.
architecture/correctness	B010-034	The deterministic GC-delete-versus-writer race must prove that after GC wins `condemned` to `tombstone`, a writer observes the tombstone and fails with `ABORTED` instead of un-tombstoning it.
architecture/correctness	B011-033	A deposed leader can leave a durable stray-Clean meta over a still-`delete_pending` blob when `clearSparedMeta` completes before the leader loses the `gc/state` CAS.
architecture/correctness	B011-034	Stray-Clean meta lets a writer reuse the condemned exact token, allowing a later pending `deleteExact` to delete the live reuse and violate `INV_NO_LOSS`.
architecture/correctness	B011-063	A pre-existing `RunFileReader::seek` bug can skip an exact full key duplicated across a block boundary because it selects the last block with `min_key <= target`; the independent fix is to select the first block with `max_key >= target`.
architecture/correctness	B011-074	Before the variable-length digest port, `CasGc.cpp` condemn-sweep and several `CasFsck.cpp` listing sites used `hexToU128` inside `catch(...) { continue; }`, silently classifying every SHA-256 blob as foreign and causing a permanent leak or false-clean fsck result.
architecture/correctness	B011-102	A predecessor PUT that completes after successor recovery can create a late older-epoch log invisible to the successor and later snapshots; a missed `+1` edge is a data-loss class, not merely a leak.
architecture/correctness	B011-127	Unconditional staging-to-blob copy is unsafe because the read path does not rehash bodies, so overwriting a live object can expose a torn or short body as valid data.
architecture/correctness	B011-129	A dedup shortcut that adopts an existing blob after HEAD without the condemn check can reference a blob pending GC deletion and violate edge-before-observe, causing data loss.
architecture/correctness	B012-057	The positive fail-closed CAS GC baseline guard remained untested at HEAD even though the guard survives at `CasGc.cpp:927`; the fresh-pool tests covered only the pass case and a different adopted-seal guard.
architecture/correctness	B013-007	`RunFileReader::next` trusts an un-checksummed `record_count` from the block head and can index beyond the block payload, violating `CasRunFile`'s fail-closed corruption contract.
architecture/correctness	B013-011	The EDGE-BEFORE-OBSERVE invariant in `Build::observeAndAdmit` was guarded only by `chassert(precommitted)`, so release builds could adopt an existing incarnation without durable precommit and watermark protection.
architecture/correctness	B013-022	`dropRefBestEffort` silently swallows rollback failures; a correlated backend outage can leave a permanently live phantom ref because GC reclaims only unreferenced objects.
architecture/correctness	B013-053	Before consolidation, `RetryStrategy` recognized HTTP 412 while `removeObjectIfTokenMatches` and `copyObjectConditional` used only exception name/message checks, missing stores such as RustFS that leave the exception name unparsed.
architecture/correctness	B014-004	The `Build::promote` owner-liveness closure guard is a race-only defensive backstop: both legitimate removal paths, abandon and `dropNamespace` cancellation, satisfy `requireAlive` before the closure, while only a narrow promote-versus-`dropNamespace` race reaches the closure guard.
architecture/correctness	B015-063	A S38 post-restart finding reported `txn_id 2-0 not strictly greater than greatest applied 2-MAX` after a seal `{2,MAX}`, indicating that sequence zero should not exist.
architecture/correctness	B015-065	The `adoptEvidence` relink lifecycle exposure was tracked independently from the abandoned §5 optimization and required a separate investigation.
architecture/correctness	B015-076	The fetch-by-relink residual requires a `stageManifest` stall across at least two GC folds, every replica dropping the part ref, and a deposed leader firing `deleteExact(h,t1)` after promote.
architecture/correctness	B015-135	The planned §5 spare-heal transition reintroduced the removed `clearSparedMeta` behavior by clearing a tombstone while the blob retained condemn-time token `t1`.
architecture/correctness	B015-137	A spare that clears a tombstone can advertise a blob as Clean at token `t1`, allowing a stale deposed-leader `deleteExact(h,t1)` to delete the live body.
architecture/correctness	B015-138	A token-preserving `adoptEvidence` recovery path can re-reference a condemned blob at token `t1`, invalidating the premise that all in-degree recovery uses fresh-token resurrection.
architecture/correctness	B015-139	The original `CaMetaAbsenceClean.tla` gate was false-green because `GcSpareHeal` atomically reset `queuedDeletes`, unlike the real code.
architecture/correctness	B015-144	The separate adoptEvidence exposure exists because the destination's durable edge is committed after the body-time adopt evidence and the trusted promote path can defer absent-body detection to fsck.
architecture/correctness	B017-076	The original fetch-by-relink correctness hole was that the sender released its part before the receiver committed its ref, leaving no in-degree overlap during a sufficiently long precommit stall; the affected reports were `#42` and `#43`.
architecture/correctness	B019-002	The MOVE-to-CA implementation has two independent defects: the part-path parser routes files under `<table>/moving/<part>/` to the literal ref `moving`, and `DataPartStorageOnDiskBase::clonePart` copies files through separate autocommit transactions that a CA disk cannot use for a multi-file part.
architecture/correctness	B019-018	Scenario S36 found that TO-CA MOVE was unimplemented: the generic mover copied files independently, producing `Code 236 promote: ref 'moving' already names a different committed manifest` or `NOT_IMPLEMENTED` for a column file.
architecture/correctness	B019-043	Without install-time materialization, the COW overlay grows across successful flushes and later `working = rt->state` copies regress toward copying all rows touched over the object's lifetime.
architecture/correctness	B019-066	Review finding №10 is a real TSan data race on the plain `std::function` event sink because `setEventSink` runs after `Pool::open` starts the renewal thread, although the traced timing refutes crash-grade overlap.
architecture/correctness	B019-069	Review finding №13 is real hardening: telemetry emitted after durable ref publication must not turn a successful operation into a caller-visible failure; post-durable emission should catch, log, and continue.
architecture/correctness	B019-077	Review finding №20 is split: decoder identity fields need hygiene checks, duplicate JSON keys already throw `CORRUPTED_DATA`, and fold seals lack a key-to-generation binding that could corrupt the GC cursor or cause premature deletion.
architecture/correctness	B019-078	Review finding №21 is real: casting a decoded `uint64` version to `uint32` before validation turns `4294967299` into version `3` and can bypass compatibility checks.
architecture/correctness	B019-082	Review finding №25 is latent terminal-transaction hardening: a failed `commit` can leave `PartStaging::published=true`, causing a hypothetical retry on the same transaction object to skip work and report success.
architecture/correctness	B019-083	Review finding №26 is a real stale-payload mechanism but deferred because the only production appender is the single-writer, per-mutation-unique `MergeTreeMutationEntry::writeCSN` path.
architecture/correctness	B019-146	The structural defect is that `MergeTreeData::Transaction` treats disk durability as a nested side effect of its commit, while rollback never calls an undo or abort operation on the disk transaction.
architecture/correctness	B020-005	Six ASan stack-use-after-scope findings were caused by a reference-capturing event sink writing to a local `events` vector after that vector had been destroyed while the owning `Pool` was still being torn down.
architecture/correctness	B020-007	`CasPoolShutdown.UnresolvedWedgeSkipsFarewell` had a heap-use-after-free because `const Layout & layout = store->layout()` was used after `store.reset()` freed the `Pool` containing the referenced `Layout`.
architecture/correctness	B020-048	The S13 quiesce wedge was associated with a `partAccess` use-after-free and a mutex that blocked `gcHealth` for an entire GC round; the fix split round serialization from pointer publication and was validated by a clean third S13 attempt.
architecture/correctness	B021-034	The CAS review triage confirmed a scheduler/`cas_store` shutdown use-after-free race and an event-sink assignment/read data race; task T9 fixed both in commit `846a4f62a62`.
architecture/correctness	B021-066	A future mutation path that bypasses `applyOpInPlace` would desynchronize the ref-ledger counters; the debug `chassert` is the immediate detector for this invariant violation.
architecture/correctness	B023-027	The first `TrustedReplay` validation-elision design failed open on double-owner history; the correction runs the cross-owner check unconditionally and makes snapshot duplicate-owner validation fail closed.
architecture/correctness	B023-091	Concurrent part workers exposed a latent `CasRefLedger` defect: a leader throwing before carve could leave its `RefMutationItem` in `rt->pending`, allowing a follower to invoke a dangling by-reference `build_ops` closure.
architecture/correctness	B024-014	The former interleaved ref-ledger carve could lose already-popped items when `seen_refs`, batch, or `owned_items` allocation threw, leaving waiters blocked and callback lifetimes unsafe.
architecture/correctness	B024-038	If the hidden transaction is a removal, GC can delete blobs that the recovered writer view still references, producing a dangling committed manifest; if it is an addition, GC over-protects blobs; without a covering snapshot, recovery can repeatedly fail with `CORRUPTED_DATA`.
architecture/correctness	B024-094	Plain GET absence cannot safely authorize writer-epoch re-minting because it flattens transport or access failures into not-found; lifecycle decisions must use the authoritative probe outcome.
architecture/correctness	B024-108	Same uuid plus same epoch plus an unfenced body does not prove the body came from the current writer, because a vanished epoch object can let a second same-uuid process re-mint the same pair.
architecture/correctness	B024-118	If both epoch and mount control objects are wiped under a live mount, a same-pair twin can still exist briefly; the residual design relies on the surviving writer fencing on its next beat rather than allowing silently persistent dual writers.
architecture/correctness	B025-001	The ref lane can lose a durable transaction from its in-memory view and then permanently hide that transaction behind a snapshot, making the defect data-loss class.
architecture/correctness	B025-075	A residual post-commit exception window remains around `eraseView` and `ContentAddressedTransaction::publishStaging`'s `out_slot`: fallible work can occur after a durable commit is made but before the commit is recorded in the caller's slot.
architecture/correctness	B027-036	Two current catalog rows sharing a `life_id` are `CORRUPTED_DATA`, not a first-row-wins condition; catalog mutation, REBUILD, decommission, fold adoption, and destructive GC fail closed on that cut.
architecture/correctness	B028-037	Before the authoritative flip, an empty catalog can make `result.frontier_complete = universe_authoritative && result.frontier_proven == result.frontier_namespaces` evaluate as `0 == 0`, falsely clearing destructive suppression; an empty universe must not count as a complete frontier.
architecture/correctness	B028-062	`_ckpt.life_epoch` can receive legitimate contributions from both `CasRefCatalog::completeCreation` and the first `NamespaceBirth` chunk, and treating every different present value as corruption would wedge resumed creation and restart-before-first-write sequences.
architecture/correctness	B028-067	A current catalog life can have an empty key space while a dead incarnation of the same logical namespace has objects; filtering dead keys and walking the current life can then falsely prove the frontier complete and enable destruction.
architecture/correctness	B028-069	If the catalog is absent, a sentinel fallback such as `stageATransition(ns)` can make real-incarnation namespaces look empty and let a damaged catalog produce a complete frontier; an un-cataloged namespace must be unproven rather than walked at a fabricated key.
architecture/correctness	B029-014	`ReplicatedMergeTreePartCheckThread` can treat a CA disk's transient `INVALID_STATE` caused by a missing mount lease as a broken part because `isRetryableException` in `checkDataPart.cpp:70` does not list `INVALID_STATE`; the current remediation detaches the part, removes it from ZooKeeper, and queues a fetch.
architecture/correctness	B029-020	The LIST-liar regression tests intentionally pin current defective behavior: a hidden middle record produces `under_lie.unchecked == 1` and `under_lie.reachable == 0`, while a hidden tail transaction can make fsck report a clean result over a ref set missing an acknowledged publish; fixing `recoverRefTable` is expected to make these tests fail until their assertions are updated.
architecture/correctness	B029-047	Exactly two CA transient throw sites can cause destructive misclassification: `ContentAddressedMetadataStorage.cpp:1111` (`TransientNotLive`) and `:1163` (probe `Indeterminate`), both on the READ plane.
architecture/correctness	B029-054	`isTransientRecoveryError` at `CasRefLedger.cpp:89-97` is a CA-internal denylist-shaped classifier with an unsafe default; it guards ref-recovery re-drive at `:1085` but is not reachable from the lifecycle-gate throw because recovery reads bypass `ref_request_controller`.
architecture/correctness	B031-001	If the catalog names namespace `N` at life `Y` while `N`'s objects and shard-0 fold cursor belong to life `X`, the frontier walk can prove a complete frontier without probing `X` and destructive GC can delete live blobs from `X`.
architecture/correctness	B031-005	`CasFsck.cpp` resolves `life` for `walkRefStream` but omits it when calling `crossEpochFromSeal`, so a namespace drop-and-recreate during the walk can make fsck report a false unconsumed-closing-seal verdict.
architecture/correctness	B031-013	`runFsckImpl` obtains its namespace universe from `Pool::listNamespaces`, which is only a union of backend `LIST` results, so a live catalog namespace omitted from `roots/` and `cas/refs/` listings is never checked and fsck can report clean.
architecture/correctness	B031-021	After `_cleanup` and the cleanup item are gone, legal removal debris and fabricated catalog-entry loss can be byte-identical, so an anomaly classifier cannot accept one and reject the other without another durable evidence object.
architecture/correctness	B031-035	`CasRefCatalog::read` currently treats an absent catalog as a virgin empty catalog, so a permanent `Retired`-only design would allow catalog loss after `_ckpt` deletion to reopen a name for birth.
architecture/correctness	B031-054	After `_cleanup` is removed, a legal removal and fabricated entry loss can both appear as an absent catalog entry with surviving canonical life-qualified debris, so the two cases cannot be separately classified from store contents alone.
architecture/correctness	B032-055	`CaGcDestructiveGateCore.tla` pins `UniverseAuthoritative == TRUE` without a sabotage, so the authoritative-universe term of the production `frontier_complete` gate is not load-bearing in the model and is false in production today.
architecture/correctness	B032-077	The B90 `ThreadGroup` fix makes a borrowed child retain a `shared_ptr` to its parent group so background work cannot use freed parent counters.
architecture/correctness	B032-078	The B37 `MergeTreeDeduplicationLog` fix throws `LOGICAL_ERROR` when `current_writer` is absent instead of relying on a release-build `chassert` no-op; a missing `logs_dir` remains normal for storages that do not materialize empty directories.
architecture/correctness	B033-089	The CAS event sink has an unsynchronized assignment/read race because renewal threads can read a shared `std::function` while `setEventSink` assigns it.
architecture/correctness	B033-092	A propagating telemetry exception after durable ref publication can leave transaction state inconsistent: the caller sees failure while a live ref exists and the transaction lacks the ref for success or rollback.
architecture/correctness	B033-099	Safety-critical CAS decoders accept incomplete or duplicate records and unbound fold generations, so a misplaced seal can authorize skipped references.
architecture/correctness	B034-037	A truncated blob can be admitted as a dedup hit because `PartWriteTxn::observeAndAdmit` checks only `hr.size >= blob_header_len` and does not compare the payload size with the caller's expected `source.size`.
architecture/correctness	B034-087	A skipped live manifest `+1` can cause exact-token deletion of a blob still referenced by that manifest after another owner's `-1` folds, because exact-token deletion protects against replacement but not an owner edge absent from GC state.
architecture/correctness	B036-055	The orphan-manifest sweep's premise that an unowned manifest has no folded edges is false after a precommit `+1` folds, leaving stranded in-degree edges with no possible `-1` after the manifest is deleted.
architecture/correctness	B037-026	Applying a successor observation through an old resolver handle violates `NoOldHandleRetarget`; the observation must be attributed to the runtime in the current slot, not to the stale resolver runtime.
architecture/correctness	B037-060	A sealer must merge `_ckpt` by semantic maximum rather than write back a stale sampled body, because stale write-back can regress the base to 0 and make the next mount report an empty namespace over live data.
architecture/correctness	B038-001	A CAS ref-prefix enumeration can omit durable ref-log objects: Probe A observed two holes at 16:47:38 that were missing from the pre-fold scan while HEAD verified both objects as present.
architecture/correctness	B038-086	B207 was fixed by re-resolving referencing refs in `runFsck` when the initial HEAD is absent; only a current ref over an absent object is classified as dangling.
architecture/correctness	B038-107	With the cleanup budget temporarily forced from 5000 to 2, `ManifestCleanupDrainsEntireRoundWithNoSkips` reproduced the leak class by deleting 2 of 5 manifest bodies and leaving 3 survivors; the test passed after the cap was removed.
architecture/correctness	B040-028	resolveWedgeOnce must recheck the exact stored admission generation, transaction or operation identity, and bytes under state_mutex after I/O before adoption, acknowledgement, or unwedge
architecture/correctness	B040-035	Stage B must require a named R3 sabotage/control pair covering delete-before-adoption and nomination-contaminates-B2 or unmatched-remove variants before C++ implementation
architecture/correctness	B040-088	PartManifest.payload_digest is persisted but is not generally validated by Store::readManifest, so it is not currently a complete integrity guarantee
architecture/correctness	B040-192	B1 and B2 are undefined for repaired and certified-void records when logs_applied counts only fully folded listed logs and repair paths bypass TxnApplyLedger::open
architecture/correctness	B040-194	Fsck can report clean after an incomplete hot frontier because it silently skips absent snapshot logs and disappearing covered logs and cannot detect a whole omitted namespace
architecture/correctness	B040-197	RefTxnId allocation can wrap ref_sequence at UINT64_MAX, making a real log id indistinguishable from a seal anchor; the protocol also needs prev < txn_id, cycle detection, and a resource bound
architecture/correctness	B040-219	A NeverBorn recovery seal needs a specified zero sealed_from exception and seal-aware fsck handling; otherwise a healthy pool whose newest snapshot is synthetic remains unchecked
architecture/correctness	B040-223	An absent _seal_latest cannot prove clean history because deletion, rollback, or loss can make a published authority appear absent; absence must be a hold or corruption condition
architecture/correctness	B041-002	After any ambiguous send, a later definite rejection does not prove a ref ID is reusable because the earlier request can still land and occupy the key.
architecture/correctness	B041-024	When an ambiguous ref append's exact GET remains absent, the current wedge can remain Unresolved forever and keep the namespace unavailable until an externally induced remount.
architecture/correctness	B041-041	Incarnation-qualified physical keys alone do not make a hot-reader catalog mismatch rejection guarantee true because a reader without a catalog read, local fence transition, or bounded refresh cannot observe a remote replacement.
architecture/correctness	B041-109	Path reconstruction is fragile because the abstraction boundary erases the MergeTree object structure, requiring independently evolving path grammars to continue agreeing.
architecture/correctness	B042-027	If `Gc::fold` reads a record only when its key appears in the round's LIST hint, a durable checkpoint-committed ref log omitted by LIST is treated as absent, leaving the namespace held and making the frontier incomplete so destructive work is suppressed.
architecture/correctness	B043-008	Issue `B140` was caused by `reuseBlob` transferring a blob hash without transferring its `cas_owner` protection, allowing GC to delete a blob still referenced by a committed part.
architecture/correctness	B043-024	An asynchronous condemn-marker write failure must not be swallowed: graduation to `delete_pending` requires confirmed durable `Condemned` evidence, otherwise the entry carries to a later round.
architecture/correctness	B043-027	An acknowledged-then-lost `INSERT` was fixed by closing the disk transaction in `renameParts`, making the part durable before the Keeper commit that acknowledges it.
architecture/correctness	B043-066	Concurrent FETCH fan-out can tear the shared `detached` ref on `LocalObjectStorage`, because readers race an in-place truncating rewrite; S3 PUTs are atomic and do not have this specific tear.
architecture/correctness	B043-069	A concurrent ref drop during mutable-only commit can throw through `MergeTreeTransaction::afterCommit`, whose `noexcept` boundary calls `std::terminate`; the race needs a recoverable no-op or an earlier detection path.
architecture/correctness	B043-071	`RunRef::checksum` is serialized but not validated by consumers, while block and footer CRC32C remains the only checked streaming corruption guard; removing CRC32C before enforcing the run checksum would weaken detection.
architecture/correctness	B043-082	`RunFileReader::next()` can read past a block when an unchecksummed `rec_count` is inflated; the fix must cover the whole block header with CRC and use bounds-checked reads with exact-consumption validation.
architecture/correctness	B044-006	The `allow_stale` resolve path can use a ref dropped up to the 200 ms cache TTL ago, but no assertion enforces that `shard_decode_cache_ttl_ms` is shorter than GC condemn-to-graduate latency.
architecture/correctness	B044-010	The flat-combining write queue can block every writer queued on one `(namespace, shard)` behind a stalled leader, and a transient leader failure can fail the entire carved batch.
architecture/correctness	B045-008	An incorrect `SYSTEM CAS GC REBUILD` can cause a later GC round to delete still-referenced objects because the rebuilt baseline drives subsequent retire decisions.
architecture/correctness	B046-032	Before the fix round, the post-listing post_listing_cut.life_index.resolve(candidate.life_id) call was uncaught, so an ambiguous catalog life ID threw CORRUPTED_DATA and aborted fsck instead of recording a lifeless_keys finding; the corrected code catches CORRUPTED_DATA, records the key, and continues.
architecture/correctness	B049-010	Deriving baseline cursor authority from the full successor set incorrectly treats a catalog-only row as a parent cursor and bypasses `CasRefGc.BaselineGuardRefusesWhenSnapshotSurvivesWithoutLogsOrCursor`.
architecture/correctness	B050-052	Resolving a namespace from the current catalog on every stale read lets a stale reader observe successor bytes; retaining the open-time `NamespaceLifeId` prevents that defect.
architecture/correctness	B050-053	Capturing only a namespace name in a table-file `CaInlineWriteBuffer` and resolving it during finalization can change life 2's token and replace `life-2-stable\\n` with `life-1-delayed\\n`; retaining the open-time `NamespaceLifeId` prevents this defect.
architecture/correctness	B050-062	Routing `CatalogAfterListBackend`'s simulated concurrent catalog probe through `CountingBackend::get` caused `CasNamespaceJanitor.PostListCatalogCutProtectsConcurrentCreationWithOneGet` to observe two gets instead of one; the probe must use `InMemoryBackend::get` and document the intentional bypass.
architecture/correctness	B051-004	Using early projection or sub-part commits to make staged files readable creates windows in which orphan temporary metadata or blobs can remain after an exception.
architecture/correctness	B051-021	A borrowed `ThreadGroup` can outlive its parent counters when asynchronous or background work retains the query thread group after the query ends, causing use-after-free in parent counters or memory-tracking corruption.
architecture/correctness	B051-028	`LocalObjectStorage::listObjects` could throw a filesystem exception if a file disappeared between directory iteration and the subsequent `file_size` or metadata stat, whereas an object store would omit the vanished object.
architecture/correctness	B051-029	`MergeTreeDeduplicationLog::addPart` and `dropPart` could dereference a null `current_writer` in a release build because they relied only on `chassert`.
architecture/correctness	B051-041	Single-table `SYSTEM` commands that cast directly to a table must unwrap `TableProxy` first; otherwise a `DETACH`/`ATTACH` followed by `SYNC REPLICA` can fail even without CAS.
architecture/correctness	B051-043	A buffer-constructor deadlock affected the rename forwarder; the rename forwarder was reverted while the mutation forwarder remained and was covered by test 05021.
architecture/correctness	B051-046	The in-memory part image without a carried-forward projection can cause `MergedBlockOutputStream.cpp` to finalize checksums from the wrong image, `MergeTask.cpp` to make the wrong projection decision, and `DataPartsExchange.cpp` to omit the projection during fetch.
architecture/correctness	B051-048	The `registerCarriedForwardProjectionForCA` workaround bypassed the disk transaction and led to B63, where a carried-forward projection had `rows_count=0` and a `SELECT` silently lost part of an aggregate.
architecture/correctness	B051-065	`LocalObjectStorage::tryGetObjectMetadata` must treat directories as non-objects and a file or directory that vanishes during metadata lookup as `nullopt`, matching object-store snapshot semantics.
architecture/correctness	B051-078	A child `ThreadGroup` must retain a `parent_thread_group` `shared_ptr` so the parent remains alive while child trackers point to it through raw pointers.
architecture/correctness	B051-097	`MergeTreeDeduplicationLog::addPart` and `dropPart` must replace the release-no-op `chassert` with a fail-closed `LOGICAL_ERROR` when `current_writer` is null.
architecture/correctness	AUDIT-M-081	An R5-round review found a CRITICAL trust-flip bug where finding #19's guard made `CasProbe` vacuous on Native S3 pools: wrong-dialect probe tokens were being rejected locally before ever going over the wire, at three call sites in `CasProbe.cpp:93,143,172`; the fix applies a live-dialect probe at all three sites plus a reachability test that pins non-vacuousness.
architecture/correctness	AUDIT-M2-130	A two-model adversarial consult found that E1's fail-closed elision (obsoleted by E2 since the ownership check became O(1)) traded away fail-closed behavior on the core invariant: a double-owner input can silently drift the owned-manifest index, and a drifted index lets `LiveAppend` manufacture fresh invalid durable history, risking GC premature delete.
architecture/correctness	AUDIT-M2-131	An xhigh two-model review found E5's fast path unreachable in production flush: the `working` copy held a second reference to the base, keeping `use_count()` at 2 so the unique-owner fast path never fired and the slow O(N) path always ran; fixed by an xfix round (item A, working-lifetime) making the 1700x speedup real, confirmed by a paired ProfileEvents counter in the follow-up soak.
architecture/correctness	AUDIT-M2-132	A codex-only finding in the xhigh review identified that the rename-forward change in `StorageTableProxy` caused a Buffer-constructor DEADLOCK, requiring the rename forward to be reverted (xfix item D).
architecture/correctness	AUDIT-M2-133	A StorageProxy virtual-forwarding audit found roughly 60 unforwarded virtuals (about 45 that must be forwarded), including a CRITICAL silent-empty `backupData`; `mutate` forwarding was correct, rename forwarding moved to `StorageTableProxy`, and `detach` forwarding was dropped.
architecture/correctness	AUDIT-M2-134	Three distinct lazy-proxy bugs were found during this round: (1) `StorageProxy` forwarded `mutate` but not `checkMutationIsPossible`, so a lazy proxy rejected all mutations (`MATERIALIZE TTL` -> `NOT_IMPLEMENTED`); (2) the proxy's cached metadata lacked TTL info, breaking `MATERIALIZE TTL` a second way after the first fix; both were fixed and validated by the narrowed stateless test 05021.
architecture/correctness	AUDIT-M2-176	The current fsck oracle assumes a snapshot ID is also a log ID and silently skips a recovery seal on that assumption, rather than reporting the skip as checked; and repeated per-held-namespace anchor/repair GETs on every folding round are rate-bounded only by the scheduler, with no cumulative bound or backoff.
architecture/correctness	AUDIT-M2-195	SEC-4: a pool-write-capable party (or a corrupt/huge object) can place a valid-CRC, valid-framing but enormous shard or manifest directly in S3; decoders (`decodeRootShard`, `decodePartManifest`) validate magic/version/CRC/journal-integrity but a valid giant body still allocates on decode, causing OOM in readers and the GC folder (GC folds whole journals). Recommendation: enforce absolute decode-side size/element caps independent of the write path, and stream large journals in the fold.
architecture/correctness	AUDIT-M2-196	SEC-5: key builders route through `checkNamespace`, `namespaceFileKey`, and `mountpointObjectKey`, which reject empty segments, the reserved `_files`/`_manifests`/`_precommits` names, `..`, leading/trailing `/`, and `//`, but `checkNamespace` itself does not reject a `..` segment; this is safe only because the backend is an object store with literal (non-normalized) keys, so a filesystem-backed or path-normalizing backend would be vulnerable to traversal. Recommendation: reject `..` in `checkNamespace` so the invariant does not silently depend on backend key semantics.
architecture/correctness	AUDIT-M2-215	The CA transient-classifier audit flags two ErrorCode-consistency mistags on the Mount plane: `CasServerRoot.cpp:261`'s 100-attempt CAS loop is coded `CORRUPTED_DATA` while sibling sites use `ABORTED`, and `:241` bundles `ContainerAbsent`/`AccessDenied`/`Indeterminate` together as corruption; both are contained but inconsistent.
architecture/correctness	AUDIT-M2-229	D1 (definitely duplicated): 412/PreconditionFailed detection is reimplemented 3-4 times (`S3::Client::RetryStrategy`, `removeObjectIfTokenMatches`, `copyObjectConditional`) via `getExceptionName()=="PreconditionFailed"` or message-string matching; a differently-worded store body could silently misclassify a conditional-write outcome at any one site.
architecture/correctness	AUDIT-M2-231	D3 (mostly duplicated with meaningful differences): three separate conditional-write retry regimes exist for the same class of operation — `CasRequestController` (ref lane: single-attempt client, budget, fence-gated, resolve-before-reissue), plain-object `casPutObject`/`casRemoveObject` loops (`MAX_CAS_ATTEMPTS=100`, default retry policy), and `CasBuild`'s local loops (`max_attempts=8`) — and only the ref lane implements the lease-deadline model; the plain-object gap is a real hazard.
architecture/correctness	AUDIT-M2-237	D9: `ObjectStorageBackend` implements overlapping token-policy logic (native ETag vs emulated vs Generation) independently across `head`/`list`/`casPut`/`deleteExact`/`supportsListTokens`, corroborated by a past real incident (the `EmulatedSingleProcess` list-vs-head token mismatch); this is called out as the highest-value consolidation target in the report.
architecture/correctness	AUDIT-M2-242	Risk register #8 (Medium, confirmed): the destructive `GC REBUILD` verb (which overwrites `gc/state` and, when no disk is given, loops over ALL CA disks) shares one access right with the benign per-round `GC` verb (`AccessType.h:351`; `InterpreterSystemQuery.cpp:1004,1010`), so an operator cannot grant "run a round" without also granting disaster-recovery rebuild, and a broad accidental `SYSTEM ... GC REBUILD` rebuilds every pool. Suggested action: a dedicated access right; consider requiring an explicit disk for rebuild.
architecture/correctness	AUDIT-M2-247	Risk register #13 (Med-Low, confirmed): `WriteSettings.h:36-63` adds six S3 knobs including `shared_ptr<const S3::Client> s3_client_override` to a hot, widely-included, copied-per-write struct, whose `operator==` compares the pointer — this creates refcount traffic on hot write paths, surprising equality semantics, and a wide recompile blast radius. Suggested action: measure; consider a narrower CA-path-only struct.
architecture/correctness	AUDIT-M2-313	The claim that a rewritten CAS `fsck` oracle is "seal-aware" is overstated: current `fsck` discovers snapshots and logs solely via untrusted `LIST`, silently skips namespaces when expected evidence is unavailable, and has no `unchecked` term for a missing or pointer/seal-mismatched authority, so it could be implemented by special-casing synthetic snapshot IDs while still accepting a listed ghost as clean.
architecture/correctness	AUDIT-M2-368	Fetch-by-relink has no retention pin: the sender is fire-and-forget and releases the source part while the receiver's `precommitAdd` edge-PUT can stall, so if the source part goes Outdated and GC completes at least two folds before the edge lands, the sender's blob is reclaimed while the receiver's build still promotes successfully, yielding a committed manifest naming a deleted blob discoverable only by fsck; this is the umbrella review's top blocker (risk score 85).
architecture/correctness	AUDIT-M2-369	An explicit `<use_fake_transaction>true</use_fake_transaction>` on a `content_addressed` disk is silently honored, causing `createTransaction()` to return a per-file autocommit `FakeDiskTransaction` with no commit point and breaking atomic manifest/ref publish; proposed fix is to throw `BAD_ARGUMENTS` at registration when the key is explicitly true on a CAS disk.
architecture/correctness	B001-027	A live ref must resolve through present keys; an absent key is a surfaced storage exception rather than a silent empty read (INV-NO-DANGLE).
architecture/correctness	B001-040	CasRequestController::putIfAbsentControlled gates every attempt by the fence and remaining deadline, resolves uncertain writes by exact GET, and treats differing existing bytes as CORRUPTED_DATA.
architecture/correctness	B001-075	Build::promote validates the manifest, checks the precommit owner, revalidates required blob leaves, and publishes the precommit-to-committed binding only after those checks.
architecture/correctness	B002-002	GC must not delete an object while any session pin or committed reference names it, preserving `INV_NO_LOSS` and `INV_NO_DANGLE`.
architecture/correctness	B002-020	Deterministic GC artifacts such as in-degree runs and fold seals must be byte-identical on collision, otherwise GC fails with `CORRUPTED_DATA`.
architecture/correctness	B002-022	A crash before the round CAS leaves the prior generation authoritative; the next pass reruns from a fresh attempt and previously issued exact-token deletes are idempotent through `NotFound` or `TokenMismatch`.
architecture/correctness	B002-028	Source-edge activation is set union and removal is set difference, so refolding either operation is idempotent.
architecture/correctness	B002-032	Any clamp anomaly sets `suppress_destructive` for the pass, preventing graduation and pending or exact-token deletes until a clamp-free pass.
architecture/correctness	B002-034	A retired entry whose in-degree recovers above zero is spared even when it is already `delete_pending`.
architecture/correctness	B002-038	If an exact delete reports `created_delete_marker = true`, GC throws `LOGICAL_ERROR` because versioning tombstones can violate `INV_NO_RETURN`.
architecture/correctness	B002-050	A rebuild over trimmed journals fails closed with `CORRUPTED_DATA` when no healthy adopted baseline exists, rather than silently under-counting live edges.
architecture/correctness	B002-052	GC ordering is biased toward over-counting: crashes may delay reclamation, but must never make GC under-count a live reference.
architecture/correctness	B002-055	A point-in-time `HEAD -> 404` is not durable absence; unreadable bodies clamp the fold and any clamped pass suppresses destructive decisions.
architecture/correctness	B002-092	Per-hash metadata is an advisory freshness point-read, not the blob lifetime linearization point; exactness remains with the in-body incarnation tag and exact-token body delete.
architecture/correctness	B002-102	Backend tokens must satisfy `head(k).token == prior get(k).token` only when the bytes are unchanged; this contract makes token-based decoded-shard caching safe.
architecture/correctness	B002-135	CA tests write objects through the same production codecs used by readers, so the fixtures exercise real format round trips rather than white-box state pokes.
architecture/correctness	B002-138	The test suite scripts concurrency hazards through backend subclasses and does not use sleeps to reproduce races; only `gtest_cas_part_folder_access.cpp` and `gtest_cas_ref_writer.cpp` use real `std::thread`.
architecture/correctness	B002-141	CA tests are single-process, single-threaded, and clock-free for GC scenarios; genuine concurrency correctness rests on backend primitives, TLA+ models, and integration or soak tests rather than gtests alone.
architecture/correctness	B002-158	`CaIncarnationCore.tla` proves `INV_NO_DANGLE`, `INV_NO_LOSS`, `INV_NO_RETURN`, and `INV_JOURNAL_COVERAGE` across adversarial writers, GC leaders, split-brain, resurrection, overwrite, and trimming scenarios.
architecture/correctness	B002-160	A writer publish gate must consult durable `deadTok[h]` as well as in-flight retired state; consulting only retired state can admit a physically dead token after deletion.
architecture/correctness	B002-164	The build-root model proves that both structural build-root reachability and fail-closed commit are necessary to prevent adopted-blob dangles; either half alone is insufficient.
architecture/correctness	B002-171	`CaB140DangleMerge.tla` proves that trim gating and storing the fold cursor with committed snap edges are jointly necessary and sufficient to prevent trim-before-durable dangles.
architecture/correctness	B002-176	`CaGcAckFloorZombie.tla` proves that two-phase `delete_pending` is required when two leaders interleave: a deposed leader may execute only deletes justified by pending state published before its pass.
architecture/correctness	B002-177	The safety floor must be latched no later than the fold cut; reading it after the cut could graduate over a commit invisible to that pass's in-degree view.
architecture/correctness	B002-178	`CaGcRootLocalPartManifestCore.tla` proves the root-local part-manifest invariants including no dangle, no loss, no return, journal coverage, single ownership, manifest-body validity, in-degree correspondence, and attempt-scoped visibility.
architecture/correctness	B002-180	Only the adopted attempt's artifact may be consulted by GC decisions; a deposed leader's artifacts must remain reader-invisible.
architecture/correctness	B002-191	A clamped GC pass may hold back a landed reference, but must declare the clamp and suppress graduation and pending deletes until a later clamp-free pass consumes the held reference.
architecture/correctness	B003-060	`ca-fsck` classifies a live ref naming a missing object as `dangling`, which is an `INV-NO-LOSS` violation and the only hard reachability class.
architecture/correctness	B003-062	A persistent `unaccounted` object outside the whole GC view is anomalous under INV-2, while an object created and dropped between rounds may be transiently `unaccounted`.
architecture/correctness	B003-063	`ca-fsck` audits ref streams arithmetically using dense IDs `1..T` within `(namespace, writer_epoch)` and exact-key reads starting at `_ckpt.checkpoint`'s successor.
architecture/correctness	B003-069	The GC safety assertion is `{preview deletes} ⊆ {ca-fsck unreachable}`.
architecture/correctness	B003-077	Positive scenarios assert that `system.content_addressed_log` contains no `read_missing`, `dangling_access`, `corrupt_dangle`, `corrupt_decode`, `snap_journal_incoherent`, or `exception` events.
architecture/correctness	B003-093	`readManifest` fails closed with `FILE_DOESNT_EXIST` and `INV-NO-DANGLE` when a live ref names a missing manifest.
architecture/correctness	B003-094	`readManifest` rejects a body whose self-described ref does not match the journal `ManifestRef` or whose `root_namespace_id` does not match the owning namespace with `CORRUPTED_DATA`.
architecture/correctness	B003-115	A live committed manifest ref structurally protects its referenced blobs from GC because the fold cannot mark them zero-in-degree, and deletion additionally waits through condemn and `delete_pending`.
architecture/correctness	B003-121	The current CAS safety model assumes one-live-object semantics; versioned-bucket marker stacks and version-specific conditional behavior are unmodeled.
architecture/correctness	B004-018	CAS failure handling is conservative: lost folds, stale snapshots, duplicated records, and crashed leaders can only postpone reclamation because in-degree is an idempotent set of source edges rather than a counter.
architecture/correctness	B004-019	The CAS safety triad is no-dangle, no-loss, and no-return: live references resolve through present keys, deletion requires durable retirement and later zero reachability with the exact token, and a retired `(kind, hash, token)` cannot become a valid dependency again.
architecture/correctness	B004-024	An operation with an uncertain conditional-write outcome is treated as `PrecommitState::Uncertain`, which behaves as `NotAttempted` for admission and as `Durable` for cleanup.
architecture/correctness	B004-028	`writer_epoch` is durable-monotone and never reissued, and every re-materialization of a fixed `(namespace, shard)` carries a strictly greater incarnation to close ABA.
architecture/correctness	B004-031	CAS crash safety is intentionally asymmetric: every crash point may leak objects, but no crash point loses acknowledged data or creates a dangling reference.
architecture/correctness	B004-046	A writer that adopts a blob token must have observed a non-`Condemned` marker after its precommit edge became durable, so the next GC fold can spare the blob; a resurrection changes the token and makes a stale `deleteExact` return `TokenMismatch`.
architecture/correctness	B004-053	`writer_epoch` is durably monotone, while `build_sequence` resets on process start; global ordering is the lexicographic pair `(writer_epoch, build_sequence)`.
architecture/correctness	B004-069	GC computes `suppress_destructive` once from anomalies, carried holds, and incomplete frontiers, and threads it through merge, ref cleanup, and namespace janitor so destructive decisions cannot diverge.
architecture/correctness	B004-084	The planned shard incarnation is the existing `(writer_epoch, build_sequence)` pair, represented as `ShardIncarnation`, with `{0,0}` meaning unstamped; a recreated `(ns, shard)` must receive a strictly greater pair under `INC-MONO`.
architecture/correctness	B004-091	The planned ref-shard reclaim is fail-closed on a concurrent revive: an append changes the token, `deleteExact` returns `TokenMismatch`, and the shard survives with its new content.
architecture/correctness	B004-109	A revive append after a shard tombstone changes the object token, so `deleteExact` returns `TokenMismatch` and the shard survives; an idle-but-live empty shard without a tombstone is retained.
architecture/correctness	B004-111	D1 requires `THM-NO-RETURN`, `INV-NO-DANGLING`, `INV-NO-ABA`, and `INV-NO-BLOB-LEAK`; the last requires every `-1` edge to be folded before its carrying shard is deleted.
architecture/correctness	B004-122	Copy-forward verification requires a valid envelope, matching object kind, and recomputed logical hash equal to the key hash; any mismatch or 404 is fail-closed, with corruption reported as `CORRUPTED_DATA` and a lost-race 404 as `ABORTED`.
architecture/correctness	B004-126	`CaGcAckFloorCore` models copy-forward as minting and binding a fresh incarnation only while the blob is present and the current token is visible in the writer's loaded retired view; there is no absent-source copy-forward arm.
architecture/correctness	B004-142	The ack-floor redesign rejects old schema versions fail-closed: schema versions are bumped, malformed data yields `CORRUPTED_DATA`, and future versions yield `NOT_IMPLEMENTED`.
architecture/correctness	B005-012	A GC pass must durably write retired-list and snapshot runs before the `gc/state` CAS that publishes `round := K`, so any reader observing round K can load retired-list version K.
architecture/correctness	B005-014	A mounted writer acknowledges a GC round only after it has loaded that round's retired list, drained all old-view `mutateShard` calls, and installed the new view; the advertised `observed_gc_round` never exceeds the installed and drained view.
architecture/correctness	B005-021	GC fence-outs complete before discovery and their writers' last commits are therefore durable before the sweep begins.
architecture/correctness	B005-029	A pending delete is terminal: a pending entry with recovered in-degree is spared and logged loudly, while re-executing a pending delete is safe at any leader staleness; a failed CAS cannot publish a zombie leader's fresh decisions.
architecture/correctness	B005-034	A delete at pass K is safe because a writer with view `V ≥ condemn_round` sees the retired token and recreates it, while a writer with `V < condemn_round` must have been terminated or fenced out before the sweep and its commits are folded into the same merge.
architecture/correctness	B005-035	The heartbeat drain proves that a server advertising `observed_gc_round = A` has no in-flight commit using a view below A.
architecture/correctness	B005-049	Streaming run reads verify per-block and footer CRCs and treat a short or truncated stream as `CORRUPTED_DATA`, never adopting a partial parse.
architecture/correctness	B005-077	If `snap_generation > 0` but the adopted fold seal, a referenced run, or a referenced retired object is absent or corrupt, GC must throw `CORRUPTED_DATA` rather than treating the artifact as an empty baseline.
architecture/correctness	B005-079	The rebuild is live-conservative: events after a shard read remain above the recorded cursor for the next regular round, a live precommit with an absent body clamps the cursor below its transition, and new condemnations wait for mount acknowledgements past the rebuilt round.
architecture/correctness	B005-104	The GCS dialect throws `LOGICAL_ERROR` for an `If-None-Match` value other than `*` and for a non-numeric `If-Match` value, rather than silently changing conditional semantics.
architecture/correctness	B005-105	The GCS dialect throws `LOGICAL_ERROR` before sending a conditional `CompleteMultipartUpload`, identified as POST with an `uploadId` query parameter and no `partNumber`.
architecture/correctness	B005-125	`RunFileReader(Backend &, const String & key)` treats an absent run, truncated stream, or CRC failure as `CORRUPTED_DATA`; the borrowed constructor is a zero-copy `std::string_view` over caller-owned bytes.
architecture/correctness	B006-008	Before applying each queued closure, the leader snapshots the in-memory `RootShard`; if the closure throws, the snapshot is restored, that promise receives the exception, and the remaining batch items continue.
architecture/correctness	B006-068	The load-bearing GC safety invariant is: no destructive decision is ever made on a not-fully-folded snapshot; any pending-delete graduation forces a FOLD before deletion so a protective `+1` is observed.
architecture/correctness	B006-073	The required `CaGcRoundDeferCore` TLA+ gate must establish `NoOverDelete` and `EventuallyFolded`; sabotage allowing graduation on a stale snapshot must produce a `NoOverDelete` counterexample, and sabotage removing the defer bound must produce an `EventuallyFolded` counterexample.
architecture/correctness	B007-012	The mount protocol invariant `FENCE-COSTS-EPOCH` requires that no write lands under a `(uuid, epoch)` incarnation after that incarnation has been fenced.
architecture/correctness	B007-015	The TLA+ gate requires the old adopt path to violate `NoPermanentWedge` and same-epoch resurrection after a fence to violate `FenceCostsEpoch`; the fixed model must permit fence-to-new-epoch remount recovery.
architecture/correctness	B007-049	S35 rapid same-name rotation preserved the resurrect invariant: no dangling content, reclaimable residual drained to zero, no revived condemned object, and the final recreated table remained queryable with replica agreement.
architecture/correctness	B007-072	The force-Read guard never reclaims a live precommit: a build at or above the floor, a future epoch, or a missing watermark is spared, and `Build::promote` remains a fail-closed backstop.
architecture/correctness	B007-074	A lost R5 round CAS may repeat the same force-Read and exact precommit removal, but the fold cursor advances past the removal transition so the `-1` is folded only once.
architecture/correctness	B007-075	The `SkipParksDeadPrecommit` TLA+ bug configuration must violate `LiveDeadPrecommitReclaimed`, while the fix configuration with watermark-dead force-Read must satisfy it under weak fairness.
architecture/correctness	B007-080	The resurrect fix must not condemn a current blob with `cur_edges > 0`; that case remains on the existing `spared` or recovery branch.
architecture/correctness	B007-083	The resurrect-reupload rule is idempotent under R5 retry because it is a pure function of the edge stream and current HEAD, and an existing entry for the current token is not reset or duplicated.
architecture/correctness	B007-100	The event sink is best-effort and does not participate in CAS decisions or block them, so adding lifecycle events does not change protocol safety.
architecture/correctness	B008-003	`decodePartManifest` rejects an entry whose path is less than or equal to the preceding path with `CORRUPTED_DATA`, thereby rejecting out-of-order entries and non-adjacent duplicate paths.
architecture/correctness	B008-029	An idempotent `republishRef` re-drive compares destination and source manifest entries, re-syncs destination mutable files when needed, and drops the source only when content matches; differing content raises `ABORTED` and leaves the source intact.
architecture/correctness	B008-032	The Phase 2 style guard is a best-effort textual check that rejects raw committed-ref mutation tokens in wiring files while exempting `Core/` and `CachedPartFolderAccess.*`.
architecture/correctness	B008-041	Every retained-view hit first re-resolves the ref and validates equality of `(manifest_id, mutable_files)`; an exact match returns the view without a manifest operation, a mutable-only mismatch clones around the same decode, and a manifest mismatch rebuilds the view.
architecture/correctness	B008-042	`ForceFresh` and `StrictValidate` never serve a retained view; `ForceFresh` re-proves the manifest body through `readManifestShared` on every call, while `StrictValidate` also never retains the result.
architecture/correctness	B008-044	Missing refs and failed view builds are never cached; views above `cas_part_folder_cache_max_entry_bytes` are served but bypass retention.
architecture/correctness	B008-059	With retention disabled, answers and the read call graph remain identical to the existing behavior; with retention enabled, only manifest-body liveness validation on validated `CachedForLoad` hits is deferred.
architecture/correctness	B008-067	Mutable per-part answers always come from the freshly resolved `Resolved::mutable_files`, never from an unvalidated retained view.
architecture/correctness	B008-072	`ForceFresh` always invokes `readManifestShared`, whose mandatory manifest `HEAD` re-proves body existence while a matching token can reuse the decode without a `GET` or re-decode.
architecture/correctness	B008-079	`republishRef` uses a fresh source read; when the destination is already committed it compares content, re-syncs mutable files, and drops the source for equal content, while a different-content destination is a conflict.
architecture/correctness	B008-080	The write ordering `precommitAdd`, blob validation, then `promote` is unchanged by the facade, and no cached view is used as write evidence or reachability state.
architecture/correctness	B008-081	The wiring style rule forbids the tokens `->dropRef(`, `->updateRefPayload(`, `->dropNamespace(`, and `->promote(` outside `CachedPartFolderAccess.*`; `Core/` is exempt because it implements the protocol.
architecture/correctness	B008-090	A view is published only after `readManifestShared` validates the body, and fill failures propagate as exceptions and are never cached.
architecture/correctness	B008-093	Write-path source reads use `ForceFresh` and re-prove the manifest body with a mandatory `HEAD` on every call, so write evidence is never taken from a retained view.
architecture/correctness	B008-094	The cache is process-local and non-durable, adds no TLA+ transition, and participates in neither publication nor reachability decisions.
architecture/correctness	B009-002	A different committed manifest at the destination of Build::promote is a reachable durable conflict and must be refused with ErrorCodes::ABORTED, not LOGICAL_ERROR.
architecture/correctness	B009-005	The TLA+ model's RefFreeFor guard permits a ref to own at most one committed manifest, so the C++ promote guard is a model-alignment requirement.
architecture/correctness	B009-009	republishRef must not drop the source when the destination is committed to different content; it throws ErrorCodes::ABORTED instead.
architecture/correctness	B009-013	PROMOTE-OVER-COMMITTED-LEAK is a liveness and space leak rather than a dangling-reference or data-loss violation; INV_NO_DANGLE, INV_NO_LOSS, and INV_COMMIT_FAILCLOSED still hold in the described failure.
architecture/correctness	B009-024	The combined changes preserve INV_NO_DANGLE and INV_NO_LOSS; a different-content republish conflict fails closed without silently losing the source content.
architecture/correctness	B009-033	The EDGE-BEFORE-OBSERVE conclusion is that publishStaging orders stageManifest → precommitAdd → putBlob → promote, so every blob observation occurs after a durable protecting edge.
architecture/correctness	B009-042	A tokened blob condemned between putBlob and promote must be resurrected from the writer's own source so an ordinary CA-over-S3 INSERT succeeds without exposing a retryable ABORTED to the client.
architecture/correctness	B009-045	Tokened resurrection runs only after the promote owner-liveness check, so an abandoned build aborts without producing an orphan incarnation.
architecture/correctness	B009-054	Resurrection is placed after owner-liveness validation rather than in the pre-pass because the build's precommit is the tokened blob's only protection.
architecture/correctness	B009-058	The tokenless promote backstop applies to present-condemned tokenless adoptEvidence leaves revealed after the in-closure refresh; absent tokenless leaves and unknown leaves still fail closed with ABORTED.
architecture/correctness	B009-060	isCopyForwardableTokenless is true only for a Blob dependency with no token, representing adoptEvidence with an independent committed owner; tokened or missing dependencies are not copy-forwardable.
architecture/correctness	B009-062	The absent branch remains unchanged because copyForwardFromCondemned requires a present object to GET and cannot recreate an absent tokenless blob.
architecture/correctness	B009-067	The copy-forward backstop is idempotent under CAS retry and terminates because a successful copy-forward produces a fresh token absent from the fixed in-closure snapshot.
architecture/correctness	B009-068	The production publish order stageManifest → precommitAdd → putBlob → promote is the EDGE-BEFORE-OBSERVE protocol: every blob observation occurs under a durable closure edge naming the manifest's hashes.
architecture/correctness	B009-089	Adoption of an existing incarnation requires a durable precommit closure, so the Phase A plan adds chassert(precommitted) to both observeAndAdmit overloads; fresh uploads before precommit remain watermark-protected.
architecture/correctness	B009-092	The formal Gate A positive model removes tokened revalidation, the view drain, and writer fence refresh while preserving invariants; order, adoption-check, and non-tokened presence-check sabotages must fail.
architecture/correctness	B009-094	The reduced promote loop skips tokened leaves as edge-protected, but checks every non-tokened leaf for presence and fails closed on absent or condemned no-dep leaves.
architecture/correctness	B009-096	The Phase A ordering guard treats dedup adoption before durable precommit as unsafe because an adopted blob carries the original writer's build_id and is not covered by the newborn-debris watermark.
architecture/correctness	B009-105	Promote K3 point-reads metadata for non-tokened leaves; absent bodies still abort, condemned copy-forwardable leaves are copied forward, and tokened leaves remain skipped under EDGE-BEFORE-OBSERVE.
architecture/correctness	B010-004	The invariant `INV-META-BODY` requires a present meta to imply a present body; it is maintained by creating bottom-up (body then meta) and deleting top-down (meta then body).
architecture/correctness	B010-009	Every meta write carries a fresh `incarnation` `UInt128` nonce because content-derived S3 etags would otherwise allow a clean-meta ABA; the nonce makes each meta encoding and etag unique.
architecture/correctness	B010-016	The TLA+ model `CaMetaDescriptorRaw.tla` is the authority for the writer-GC state machine, whose required transitions are `FreshUpload`, `Adopt`, `Resurrect`, `BirthCompletion`, `GcCondemn`, `GcSpare`, and `GcDeletePhaseA/B/C`.
architecture/correctness	B010-044	Replay starts at `folded_seq + 1`, or at sequence one for an empty base; a gap before the maximum observed sequence is an exception that disables destructive actions for that namespace.
architecture/correctness	B010-051	Every reachability effect in a candidate ref base is resolved before the fold seal, destructive GC action, and generation `CAS`; any required manifest-body failure aborts the whole attempt.
architecture/correctness	B010-080	If a late manifest-body failure occurs after tentative output runs or reachability artifacts are finalized, those artifacts remain unadopted; the fold seal is not written, `gc/state` is not changed, and no destructive GC or writer-log deletion occurs.
architecture/correctness	B010-086	The failure table requires a lost GC generation CAS to leave the attempt unadopted and delete no logs, while a stop after a successful CAS treats the new fold as authoritative and repeats covered-log deletion later.
architecture/correctness	B010-092	Source-edge run readers fail closed on `key_schema != 1`, wrong run kind, unknown `token_type`, truncated payload, an edge row at `source_id = 0`, a sentinel row at nonzero `source_id`, unknown row type, or duplicate sentinel; missing adopted seal or missing `condemned_summary` at `snap_generation > 0` makes `graduationDue` return true.
architecture/correctness	B010-114	The fold seal is the exact recovery base: it names every authoritative base `RunRef`, its checksum, and non-overlapping row-key bounds, and consumers never select a run merely because `LIST` found it.
architecture/correctness	B010-115	A writer-log key conflict is an exception and must not be bypassed by skipping to a later sequence.
architecture/correctness	B010-117	A corrupt adopted fold seal or ref run causes writable startup and destructive maintenance to fail closed; an unknown future format version produces the repository's future-format exception rather than falling back to an older format.
architecture/correctness	B011-013	The typed source-edge run opener rejects an active edge with `source_id = 0`, a zero marker or condemned row with a nonzero source id, unknown row types, and more than one sentinel row per blob with `CORRUPTED_DATA`.
architecture/correctness	B011-015	Each shard's `CondemnedSummary` is derived solely from that shard's written run bytes, making the summary a deterministic function of the sealed artifact.
architecture/correctness	B011-016	New seals have a total `condemned_summary` map over `gc_shards`; pure ref-carry shards copy the parent summary entry verbatim, and a missing entry is an integrity signal rather than zero.
architecture/correctness	B011-018	For `snap_generation > 0`, a missing or undecodable adopted seal, or a seal without `condemned_summary`, makes `graduationDue` return true so the forced fold surfaces the integrity loss.
architecture/correctness	B011-024	Destructive redelete actions may execute only for `delete_pending` rows read from the prior durably adopted run; a fresh `head_blob` observation is write-only until durable adoption.
architecture/correctness	B011-025	Run and seal adoption continue to use `putDeterministicArtifact`: `putIfAbsent` collisions must be byte-equal or fail with `CORRUPTED_DATA`, and `gc/state` adopts the generation and attempt through the seal.
architecture/correctness	B011-027	A divergent artifact under an attempt-pinned key is rejected as `CORRUPTED_DATA`; the round aborts and the next round refolds under a fresh attempt instead of adopting stale edge bytes.
architecture/correctness	B011-038	Once a hash is `Condemned`, observing `Clean` means either the condemned body is absent or a writer has already changed its incarnation token.
architecture/correctness	B011-044	`BlobRef` may be constructed only when the algorithm and digest are born together at the write mint or read together by a durable-form parser; all other code copies an existing `BlobRef`.
architecture/correctness	B011-051	Before writing any blob, manifest, or ref naming an algorithm, a node must durably CAS-union that algorithm into `algos_used`; the union loop rereads after conflicts and recomputes from the fresh value.
architecture/correctness	B011-052	A validator with a stale local `algos_used` cache refreshes `_pool_meta` on every miss for a known algorithm and accepts only if the authoritative set contains it; an unknown-to-the-build algorithm remains `NOT_IMPLEMENTED`.
architecture/correctness	B011-069	With no `blob_hash` setting or with `cityhash128`, blob hash values and keys remain byte-for-byte identical to the existing cityHash128 convention.
