B048-021	One `GcRoundWorkBudget` is constructed per round in `Gc::runRegularRound` and shared by sequential shard folds; it is passed to all production `foldDeltasIntoGeneration` calls, while the rebuild path remains unbudgeted because it has no graduation or `delete_pending` inputs.
B048-028	`deletePrefixWholesale` reports `out_fully_drained = true` only when the LIST reaches its natural end; budget exhaustion reports false, and `pruneSupersededGenerations` advances `snap_pruned_through` only past fully drained prefixes.
B048-030	The post-CAS generation-prefix hand-off uses a separate budget from ordinary prune work because it is a one-shot event whose only existing backstop after a partial reclaim is `fsck`.
B048-032	The outcome-entry cap limits only the `GcOutcomes` audit-log PUT: `settleEntry` still removes spared entries from `still_retired`, and `CasGcRetiredSpared`, `GcRecheckVerdict`, and `forgetCondemnMarker` run even when the `OutcomeEntry` push is skipped.
B048-036	The round-budget implementation introduces no persisted object kinds and no protocol-step changes; the budget is stack-local, and the one-pass round still commits `gc/state` exactly once.
B048-044	`RefPlan::changedRows` and `shouldDeferRound` can defer an entire fold round based on a listed tail observation, but the defer path performs no destructive work, advances no coverage cursor, and is bounded by `gc_fold_max_defer_rounds`.
B048-050	The `CaGcDestructiveGateCore` model pins `UniverseAuthoritative == TRUE` because it models the post-flip posture; production's not-yet-knowable-universe posture suppresses destructive work and is covered by `CasGcFrontierGate.HiddenPlusOneInAnUnknownNamespaceIsRefusedByTheProductionDefault`.
B049-004	Normal rounds and healthy `REBUILD` apply every returned runtime retirement before downstream work and proceed only for `{Authoritative, DrainComplete}`; damaged-state `REBUILD` uses a no-parent, zero-catalog-mutation path.
B049-014	The raw `cas_gc_maintenance_state` object at `gc/maintenance_state` stores only a bounded opaque janitor cursor and uses one materialized read followed by one expected-token or expected-absence CAS.
B049-016	The maintenance-state codec requires `cur`, limits decoded cursors to 64 KiB, uses `FormatId::GcMaintenanceState = 25` with `{7, 7}` change points, and caps raw control objects at 512 KiB.
B049-017	Maintenance-state `CORRUPTED_DATA` is classified as corrupt with its exact token, while future-version and backend failures propagate; CAS conflicts do not retry, reread, or adopt a winner.
B049-043	The catalog-only pre-fold drain runs after lease acquisition against the authoritative adopted parent and before `DEFER`, the hot stream LIST, the successor catalog cut, fold, `REBUILD` adoption, or successor seal adoption.
B049-044	A pre-fold deletion requires the complete exact `Removing` row, matching parent cleanup evidence, and no durable hold.
B049-046	Full-catalog tokens require a serial rescan after every CAS outcome; for `N` eligible rows the drain costs one adopted-seal GET, at least `N+1` complete catalog GETs, and `N` exact catalog CASes, plus retries for conflict or ambiguity.
B049-048	Healthy `REBUILD` drains before taking its fresh cut, while missing or undecodable `gc/state` adopts reconstructed authority only, performs zero catalog deletion, and leaves drain work to the next invocation.
B049-051	`CaRefPreFoldDrainCore` is the sole owner of adopted-parent validation, catalog drain, conclusive CAS resolution, and fresh-cut ordering, and exports an immutable full-catalog token/value pair to the ref-plan consumer boundary.
B049-056	The pre-fold witness requires an actual token-advancing exact `Removing` deletion and verifies the drained row is absent from both the consumed cut and the plan.
B049-066	On a sibling upload failure, successful sibling bodies remain ordinary GC-reclaimable debris while the poisoned sibling is never uploaded; result merging does not occur after failure.
B049-071	An unmatched adopted-parent opaque life remains observable but is excluded from the successor seal and does not suppress pool-wide destructive cleanup; a valid manifest candidate can be physically deleted in the same round.
B049-073	Every acquired ordinary GC invocation, including `DEFER`, runs exactly one independently paced `cas/ns/` janitor page and one later catalog cut while the hot immutable `RefPlan` still uses exactly one `cas/ns/stream/` LIST plus one later catalog cut.
B049-074	`Gc::runNamespaceJanitorPage` owns the bounded page, post-page catalog cut, exact GC-fence check, warnings, and `namespace_cleanup` metrics, and never performs a catalog lifecycle transition or contributes to the hot walk plan.
B049-075	The folding path passes its `FoldResult::suppress_destructive` verdict to the janitor helper, while `DEFER` calls the same helper with deletion suppressed because it has no complete fold verdict.
B049-076	A janitor page advances its cursor only when its catalog cut is unambiguous, deletion is globally admitted, and no candidate observes fence loss; suppressed, ambiguous, or fence-lost pages retain the old cursor for authoritative retry.
B049-077	Malformed keys, `NotFound`, and exact-token mismatch are decided per key and may advance the janitor page, while corrupt or backend-rejected cursor reset behavior remains exact-token based.
B049-078	Suppression, catalog ambiguity, and fence loss each retain the selected janitor page; fence loss stops subsequent deletes without rolling back earlier exact deletes, and a final fence recheck prevents progress after a retained-only page or authority loss following the last delete.
B049-079	The namespace janitor retains current `Creating`, `Live`, and `Removing` life identifiers through the catalog reverse index; an absent identifier is a deletion candidate, duplicate current identifiers suppress the whole page, and malformed keys are reported and skipped.
B049-081	Corrupt or oversized janitor progress performs no LIST or delete and is reset only against its exact token; a backend-rejected cursor is likewise reset exactly before the error is surfaced, while cursor CAS conflicts are ignored.
B049-084	A fresh `NamespaceJanitor` resumes a durable partial cursor and resets it at end-of-tree; LIST omissions defer work to a later cycle rather than coupling lifecycle progress to physical visibility.
B050-023	The current GC phase named `namespace_cleanup` is a perpetual janitor phase and is not retired marker residue.
B050-039	Parsed listed keys can nominate malformed or foreign stream objects for diagnostics or leak cleanup, but they can never install table state.
B050-041	`Gc::rebuildBaseline` must pass the immutable catalog cut and exact checkpoint, and a catalog-named life without usable frontier authority is retain/refuse rather than destructive.
B050-042	`CasOrphanManifestSweep::activeManifestKeys` must use exact-frontier recovery for owner protection and exact replay through `committed_through`; until that authority is available, catalog-named namespaces are retain-only.
B050-045	`planRefCleanup` documents snapshot, durable-cursor, and optional-checkpoint boundaries and does not describe cleanup items or a durable `Removed` snapshot.
B050-047	At the unmatched `parent_ref_lives` branch, `buildRefWalkPlan` increments `CasGcUnmatchedAdoptedParentLives`, logs the exact `NamespaceLifePhysicalId`, drops the aggregate row, and emits no plan row.
B050-068	[C1] requires `loop()` and `heartbeatLoop()` to check `isVanished()` at each wake and self-exit, preventing new GC rounds after `Vanished`.
B050-074	The modeled `GcStoppedAfterForget` invariant holds even on idempotent FORGET and post-FORGET `GC START`, because the Admin gate refuses GC on a non-`Live` pool.
B050-097	During Stage-A destruction suppression, the janitor withholds `deleteExact`; its `namespace_cleanup` metrics record seen keys and a `suppressed` count, so six rounds with zero deletions do not prove permanent orphaning.
B051-074	`Context` provides `getContentAddressedGarbageCollectionLog` and `getContentAddressedLog` getters for CAS system-log wiring.
B051-075	The `SYSTEM` query surface includes `CONTENT_ADDRESSED_GARBAGE_COLLECTION`, `CONTENT_ADDRESSED_GC_REBUILD`, and `CONTENT_ADDRESSED_DROP_POOL_MEMBER`, with access checks and `runContentAddressed*` helpers.
B051-077	`Interpreters/SystemLog.h` registers the `ContentAddressedGarbageCollectionLog` and `ContentAddressedLog` system logs.
B051-079	The parser and AST support `CONTENT_ADDRESSED_GARBAGE_COLLECTION`, `CONTENT_ADDRESSED_GC_REBUILD`, and `CONTENT_ADDRESSED_DROP_POOL_MEMBER`, including the `content_addressed_gc_rebuild_force` field and round-trip parser coverage.
B051-080	The `magic_enum::enum_range` for `ASTSystemQuery::Type` must be widened to `[0,255]` because the added CAS `SYSTEM` query types exceed the default range.
AUDIT-M-012	A build heartbeat is durable in the pool before the first blob PUT via the pool-wide gc/hb pulse plus the writer's mount object build-watermark floor; there is no separate builds/<build_id> object in the current layout.
AUDIT-M-016	Regular GC deletion outcomes are classified as deleted | absent | replaced (412 = resurrection won) | spared, and retire entries are dropped only on confirmed outcomes.
AUDIT-M-051	The force-Read override HEADs only fire from `closeBlob` on hashes touched in the current fold window (`cur_edges == 0`); `settleRetiredBelow`'s quiescent-entry path never issues a HEAD and must not be changed to do so.
AUDIT-M-052	On a resurrect supersede the fold keeps exactly one retired entry per hash: the stale entry is dropped, not kept alongside the fresh re-condemn, and the retired list stays hash-sorted.
AUDIT-M-076	Sharded-GC correctness was validated by S15: identical oracle checksums and `dangling=0` under both `gc_shards=1` (default) and `gc_shards=2`, with reducer memory flat (0.60->0.61 GB) and orphan backlog fully drained in both configurations.
AUDIT-M-092	Under `suppress_destructive`, both the `manifest_deletes` phase and the orphan sweep are gated closed: `mf_cleanup_now` is an empty map, and the orphan-sweep delete loop consumes `folded.orphan_sweep.nominations`, which is empty because `planManifestCursorPage` is only invoked when `!suppress_destructive`.
AUDIT-M-094	The frontier round's "universe" is exactly every `Live`/`Removing` row of the round's own frozen catalog cut and nothing else; an older comment defining it as "hint ∪ sealed cursors ∪ catalog Live/Removing entries" is stale and contradicts the code, which implements only the catalog-cut definition.
AUDIT-M2-028	GC's raw baseline rebuild condemns nothing: it only rebuilds cursors and edges. An earlier version ended the pass by LISTing `blobs/` and condemning every physically-present body outside the rebuilt edge set, but this was found unsafe (r5-finding-4) because both legs of the traversal (owner replay and the trimmed-but-live manifest pass) are listing-driven, so a store that omits a durable key from one enumeration hides a live owner while the same pass condemns the blob that owner pins — an observed real failure mode (the `0x1430c` shape), not a hypothetical.
AUDIT-M2-031	Patch parts / lightweight deletes are first-class GC reachability roots: a patch manifest references the base part's patched data columns plus its own delta blobs, and while a patch ref is active it transitively keeps alive both its own delta blobs and the base blobs it references, even if the base part is otherwise superseded, provided the MARK walk treats patch manifests as roots. When a patch is materialized into the base via merge, the patch ref is released and its uniquely-owned delta blobs become sweepable. Patch-on-content-addressed-base is flagged as not yet fully model-checked in the v3 design's residual-risk list.
AUDIT-M2-032	A stateless/ref-less reader that attaches by reading the catalog and registers no `/parts` ref is invisible to the per-process `use_count()==1` MARK-union fence, which is a valid cross-node fence only for replicas holding a `/parts` ref; owning replicas can release refs after `old_parts_lifetime` (480s) mid-SELECT, sweeping the manifest/blobs out from under the read. The preferred fix is an ephemeral reader pin (a Keeper node or equivalent) created at query start naming the parts/snapshot read, auto-released on session end/crash; this is distinct from the lost-replica timeout, which is a genuine leak needing a separate long-dead-replica reaping rule.
AUDIT-M2-042	`CaGcAckFloorCore.tla`'s `SabotageClampNoSuppress` config, which removes the `~clampedL` graduation guard, reproduces the 2026-07-03 night incident of 31 dangling blobs as an `INV_NO_DANGLE` counterexample; the shipped clamp-suppression guard (`suppress_destructive` gating `Gc::graduationDue`, `CasGc.cpp:1360`) blocks graduation and pending deletes while any shard is clamped, so held refs persist in `landed` until a later clamp-free pass consumes them.
AUDIT-M2-078	`putDeterministicArtifact` is the write-once helper for GC objects whose bytes are a pure function of their inputs (source-edge runs, fold seals): a `putIfAbsent` precondition failure is resolved by reading the existing object back and comparing bytes — byte-equal means the writer's own replay landed and is adopted as a no-op, while divergent bytes throw `CORRUPTED_DATA` as an impossible case. It is deliberately not used for observation-bearing artifacts like GC outcome logs, which use first-durable-write-wins byte-adopt semantics instead, and never for blob bodies because the fresh-tag rule makes two attempts of the same logical create legitimately differ.
AUDIT-M2-083	In GC sharding, a shard with an empty delta bucket and no condemned entries in the parent summary copies the parent's run references verbatim ("pure carry", zero run I/O); a missing parent summary entry on a non-fresh pool is `CORRUPTED_DATA`, never silently treated as zero.
AUDIT-M2-084	Generation pruning (GC phase 13) keeps the last `gc_snap_generations_to_keep` generations (default 3; 0 keeps everything for forensics) and deletes wholesale by LIST-and-delete-everything under the generation prefix, bounded to 64 generations per round. A generation still referenced by the live seal is skipped but the cursor still advances past it regardless, so leak-freedom depends entirely on the post-CAS hand-off reclaim in phase 14.
AUDIT-M2-089	Namespace removal has no physical-empty handshake: the writer changes the catalog row from `Live` to `Removing`, appends the exact ref removals plus a `RemoveNamespace` op, and deletes nothing itself. GC's fold attaches cleanup evidence to that opaque life row, and only a later GC invocation's pre-fold drain exact-CAS-deletes the matching `Removing` catalog row before any successor plan can be published; the perpetual namespace janitor and orphan-manifest sweep reclaim the physical debris independently, and a same-name birth waits only for the catalog row to disappear.
AUDIT-M2-122	Attribution of the night's 11 concurrent GC clamps was: RustFS returned false 404s on HEAD during a metacache storm caused by the `rustfs#3231` overwrite-leak's directory bloat (00:37-00:55); the clamps rose with the storm and self-released when it subsided (~01:01), and the bodies the false 404s claimed were missing had never actually been deleted (no `tree_delete` for the pinned manifests). The full causal chain is: leak -> directory bloat -> metacache storm -> false 404s on HEAD -> GC clamps -> (pre-fix) graduation proceeding over unfolded landed events -> dangling blobs.
AUDIT-M2-153	CAS probe A (the ref-scan disagreement detector) reports each hole with the ref-log id and its direction: holes missing from the fold's own (second) scan are explainable by concurrent deletion, but holes missing from the pre-fold (first) scan are not — the object existed at the second walk and its id sits below what the first walk had already observed, so the first walk should have returned it.
AUDIT-M2-209	The Stage B strategic-review concentration proposal's replacement namespace-removal sequence is: (1) catalog transitions Live to Removing; (2) the fenced owner appends the terminal record; (3) GC folds the terminal record and performs one bounded cleanup pass; (4) GC writes a stable retirement marker derived only from RootNamespace; (5) GC durably publishes a fold seal with that namespace's cursor pruned; (6) GC exact-deletes `_ckpt`; (7) catalog entry deletion happens last.
AUDIT-M2-210	Ordering the retirement marker before `_ckpt` deletion means even catalog loss cannot turn a namespace-removal window into a fresh birth; creation must check both the retirement marker and the namespace's `_ckpt` by exact key before admission and refuse if either exists; a listing omission can leak old objects but cannot make a retired namespace visible again because it is never re-admitted.
AUDIT-M2-211	Even under the no-namespace-reuse simplification, catalog authority, the `Creating` publication exclusion, the `Removing` positive-ownership exclusion, the exact-next frontier probe, durable holds, and the delete-site in-degree re-read must not be cut, because they prevent data loss independently of rebirth; a temporary "refuse while old objects survive, retry after GC" rule does not substitute for them since LIST cannot certify old-object absence.
AUDIT-M2-223	C2's widening past its three originally-named sites is justified because `marker_key` is the guard that the physical manifest and verbatim passes consult, so they cannot run without a resolved life; the still-sentinel-keyed `namespaceFilesPrefix` is correct because every writer of namespace files is also sentinel-keyed, making that layer Task 6's responsibility rather than a C2 leftover.
AUDIT-M2-259	The GC round's exact durable key layout: `gc/state` (controller state, one per pool, strict fail-closed CAGT-magic proto), `gc/hb` (advisory heartbeat, fixed 24-byte binary), `gc/gen/<g>/attempt/<a>/fold_seal` (write-once fold seal), `gc/gen/<g>/attempt/<a>/.../<round>/<shard>` (retire outcome log), `cas/refs/<ns>/_log/<txn_id>` (ref log txn), `cas/refs/<ns>/_snap/<id>.proto` (ref snapshot).
AUDIT-M2-261	Blob reachability is source-edge set membership, not a counter: one source edge is (BlobRef, source_id) where source_id = CityHash128(namespace + ref + path), with 0 reserved as the sentinel key for kCondemned rows. The edge set is idempotent under re-fold, so retries and competing attempts produce byte-identical runs.
AUDIT-M2-262	"Spared" means a condemned blob's in-degree recovered because a publish re-referenced it; the retired entry is dropped and recovery wins even past the graduation floor. "Forgotten" has no live meaning in this subsystem — the memory-noted GForget/GcSnap::forget design is superseded by pruneSupersededGenerations (wholesale generation retention).
AUDIT-M2-267	There is no crash-resume step in the GC round: the whole round commits in the single `gc/state` CAS at the end, so a crashed pass leaves only attempt-scoped debris under its own unadopted lease.seq, never adopted and later reclaimed by `pruneSupersededGenerations` or the Task-7 hand-off. Every pre-CAS destructive action is justified by previously-published durable state (`delete_pending`), making replay under a fresh attempt idempotent.
AUDIT-M2-270	The orphan-manifest sweep gates deletion by `prefixEligible`, a durable watermark-only fact (`min_active > build_sequence`, or the retired sentinel `min_active==UINT64_MAX`, or an older epoch; a missing watermark means NOT eligible), and skips any key still in `activeManifestKeys(ns)` (committed + live precommits + manifests removed above the durable fold cursor). It never GETs a condemned body to revive it.
AUDIT-M2-300	Stage B Task 5's restated invariant: no same-name namespace entry can be created while any GC-held state (cursor, cleanup item, seal row) for the previous life survives; under this ordering, the catalog entry for a dropped table survives until the terminal record folds (a GC-round latency), so `CREATE TABLE` of a just-dropped name is refused — today as a `LOGICAL_ERROR` (`Pool/CasRefCatalog.cpp:236`) — until the next fold, which will burn stateless CI lanes that drop-and-recreate names constantly.
AUDIT-M2-340	Capture-at-deposition (recording `NamespaceLifeId` at fold time rather than re-deriving it from the catalog) is mandatory because the stale-leader TLA+ sabotage shows that re-deriving the incarnation after rebirth targets the new life directly, causing data loss.
AUDIT-M2-342	A removed namespace whose only residue is `_files` promotes its cleanup item to `Completed` on the first fold, so the janitor cannot key its reclaim logic off `Pending` state alone.
AUDIT-M2-349	Non-per-namespace fold-seal capacity terms (`btr` per run segment, `cnd` per gc-shard) are untouched by the removal-ordering decision and do not disappear along with the Σ-index-set capacity argument.
AUDIT-M2-353	Probe A detects CAS ref-prefix LIST incompleteness via two independent enumerations per GC round (the pre-fold defer scan and fold's own enumeration); it compares per-namespace id sets and reports a hole only when the id is below the OTHER enumeration's own maximum for that namespace, which excludes ordinary in-flight appends between the two walks.
AUDIT-M2-354	Probe A has two documented blind spots it does not catch: a hole that reproduces identically in both enumerations, and a namespace dropped wholesale from one enumeration (no `ref_tables` entry, so the comparison loop never visits it); widening the witness rule to use the pre-scan's own maximum was considered and rejected because it would permanently block the cursor on a namespace whose logs were legitimately cleaned between the walks.
AUDIT-M2-361	`stale_edge_verdict` returns `unchecked` on any partial scan, with positive findings still checked first, because a partial scan can only weaken a proof of absence, never invalidate evidence of presence.
AUDIT-M2-373	The chosen fix (Fix 4) for the deposed-leader stray-Clean defect makes GC freshness metadata add-only: GC never transitions Condemned to Clean on a spare (the spare-side `clearSparedMeta` call and helper are removed); only a writer that has displaced the body with a fresh incarnation token publishes Clean, via `uploadFromSource` + `writeResurrectMetaClean`/`copyForwardFromCondemned`. Accepted cost: a spared hash stays Condemned until a writer resurrects it (write amplification on recurring-hash churn); normal reads never consult the meta so this is safe.
B001-021	The hot/cold layout split changed GC discovery to GET gc/state + LIST cas/refs/, making discovery proportional to ref shards rather than manifest backlog.
B002-003	GC runs as a background lease-holder loop and its safety does not depend on leadership uniqueness; concurrent or stale leaders may duplicate work but must not mis-delete.
B002-006	The advisory GC heartbeat is stored in `gc/hb` as `{owner, hb_seq}` and is advanced independently of round progress to prevent a live slow leader from being falsely stolen.
B002-051	A forced GC rebuild over-protects unowned manifests that are not provably build-dead, preferring bounded leaks over violating `INV_OVER_COUNT_ONLY` through under-counting.
B002-167	GC safety is independent of the advisory heartbeat; the heartbeat is the minimal addition needed to prevent a slow leader's frozen round sequence from triggering a false steal.
B002-179	The root-local model shows that a target-sharded fold needs one global coordinator fence and paired old-binding `−1` deltas; per-reducer fencing or inferring the old target from the new ref is unsafe.
B003-005	The E3 GC redesign used root-local part manifests and source edges identified by `(ManifestId, path)`, removed the registry, and added a shard-incarnation ABA guard.
B003-006	The E4 GC and writer settlement uses a one-pass heartbeat ack-floor round, writer point-reads of freshness metadata instead of a `RetireView`, retired rows inside the snapshot run, and a ref snapshot plus append log instead of a mutable root-shard manifest.
B003-010	Retired rows are represented as `kCondemned` sentinel rows inside the snapshot run rather than as a separate retired-list object.
B003-024	The GC-side ack-floor one-pass round is current, while the writer-side ack-floor and `RetireView` synchronization was deleted by `55b76af5998`; these are separate mechanisms.
B003-044	The regular GC round is one pass consisting of a heartbeat ack floor, one `LIST` discovery sweep, a three-cursor fold, pre-CAS deletes, and one `gc/state` CAS.
B004-068	The GC lease is work de-duplication rather than mutual exclusion: one `gc/state` CAS adopts a round, attempt-scoped artifacts isolate leaders, pre-CAS destructive work uses published state, and exact-token deletes protect newer incarnations.
B004-083	The D1 implementation plan replaces `gc/registry` discovery with `LIST(cas/refs/)` and reclaims empty ref-shard objects so `dropNamespace` no longer leaks a monotone registry and empty shard objects.
B004-100	The D1 design collapses the prior fence coordinates into two orthogonal coordinates: immutable shard `incarnation` for identity and birth ordering, plus pool-global GC `round` for the writer retire-view floor.
B004-103	D1 makes `LIST(cas/refs/)` the discovery authority, retains ambiguity detection across pages as a fail-closed condition, and removes `gc/registry`, `RootsRegistry`, `rootsRegistryKey`, `ensureRegistered`, the registry-fence sub-step, and the `_registry` cursor branch.
B004-108	`dropNamespace` appends an explicit tombstone as the last journal event after ref removals, and GC deletes the shard only when it is empty, tombstoned, and folded past a completed fence using `deleteExact(rootShardKey(ns, shard), token)`.
B004-110	After registry removal, GC fences only discovered shards from `LIST(cas/refs/)`; an absent shard is not minted or fenced, and create ordering is supplied by the precommit gate.
B004-135	The consolidation target explicitly assigns GC protocol documentation to cover lease/election, rounds, orphan and ref removal, shard reclaim, incarnation, registry removal, attempt-scoped generations, TLA+ references, and S3 budget links.
B004-138	The ack-floor GC redesign replaces O(universe) per-round fence and recheck phases with a merged per-server heartbeat, a current retired list, and a one-pass three-cursor merge.
B004-147	The current retired-list design adds `RetiredEntry::condemn_round`, adds `GcState::retired_refs`, uses `cas_gc_state` version 4, rejects v3 fail-closed, and has `RetireView::refresh` GET `gc/state` followed by each referenced retired-list object without LIST.
B004-150	The planned one-pass ack-floor round computes the heartbeat floor before discovery, folds and merges deltas, deletes graduated entries by exact token, writes retired-list objects, and then performs one `gc/state` CAS; `fence` and `recheck` are removed.
B005-001	The redesigned regular GC round targets O(delta) plus O(servers) S3 requests; its only universe-proportional operation is the existing LIST sweep, which costs O(universe/1000) LIST requests.
B005-009	The retired list is one current sorted candidate set referenced by `gc/state.retired_refs`; per-round retired sets keyed by `retiredKey(...)` and the multi-round `RetireView` fetch protocol are removed.
B005-011	`gc/state` removes `fence_version`, adds current retired-list references and checksums, and is updated with one CAS per pass containing the round, generation adoption, retired references, and coverage.
B005-013	`fence_round` is no longer bumped every round; it remains only as the birth floor stamped at root-shard creation for THM-NO-RETURN newborn ordering.
B005-028	Graduation is two-phase: a pass marks fresh graduates with `delete_pending = true` and keeps them published, while `deleteExact` runs only for entries already pending in the previous published list.
B005-042	Snapshot-run streaming scope includes T2 streaming reads and T0 reference-parent runs for empty-delta shards; T1 delta-runs are deferred to a subsequent specification.
B005-056	Implemented retention skips at generation granularity and advances `snap_pruned_through` over every visited generation; when a reference moves off a skipped generation, hand-off deletes the whole `gc/gen/<g>/` prefix rather than one run, preventing leaks of the rest of that generation's artifacts.
B005-130	The rebuild plan uses attempt iteration over batches of at most `rebuild_edge_budget` edges, feeding the previous attempt's runs back as `prior_runs`; this provides O(budget) memory without new spill/merge classes.
B006-014	GC trim uses `mutateShard` as a `WholeShard` queue item, so trim rewrites no longer race writers even though trim still flushes alone.
B006-059	If any fold pass records a clamp anomaly, destruction is suppressed: no graduations or redeletes occur, pending entries carry `UNCHANGED`, condemn/spare continue, and deletes resume on the first clamp-free pass; the pass emits a warning and increments `CasGcClampSuppressedPasses`.
B006-062	GC Lever A skips the expensive in-degree snapshot rebuild on rounds with no destructive decision; Lever B, an incremental point-updatable in-degree store, remains out of scope.
B006-064	The DEFER decision is true exactly when changed-shard count is below `fold_threshold`, no destructive decision is due, and `rounds_since_last_fold` is below `gc_fold_max_defer_rounds`; otherwise the round FOLDs.
B007-008	Using a stale heartbeat acknowledgement for a renewal is conservative for the GC floor because it can only lower `min_ack` and delay graduation; lease expiry is the failure that must be avoided.
B007-032	The phase-4 GC optimization skips unchanged namespaces so an idle round approaches O(servers) reads and a small-delta round costs O(delta), with a mandatory TLA+ proof that owner-removal events are never skipped.
B007-063	The dangling-precommit fix uses a fold-side, watermark-keyed force-Read: `ShardCoverage` records the minimal live precommit binding, and `computeDiscoverDecisions` overrides `Skip` when that precommit is provably dead.
B007-077	The resurrect-reupload fix keys blob condemnation on `(hash, current token)` instead of only on the hash, and re-condemns a current token when a touched hash has net in-degree zero and a prior retired token differs.
B009-004	Build::abandon retires build_seq after its precommit-removal CAS, while alive is set false early.
B009-107	Graduation is re-keyed from condemn_round < min_ack to condemn_round < current_round, with min_ack removed from the GC fold interface.
B011-001	After v3, the retired list is GC-private: writers make condemned decisions through per-hash `.meta` point reads and do not read `RetiredSet`.
B011-004	Retired-in-snapshot preserves settlement semantics including condemn, carry, round-paced graduation, `delete_pending`, redelete, clamp suppression, the pre-CAS single delete site, resurrect-supersede, `.meta` writes, B170 events, and GC-log counters.
B011-021	The two-cursor merge settles a pending row by exact-token redelete at d = 0, spares any row at d > 0, graduates a nonpending row when `condemn_round < current_round`, and otherwise carries it unchanged.
B012-055	In-place journal trimming was replaced by cleanup of `_log` and superseded `_snap` objects only when both durable cursor coverage and observed snapshot coverage exist.
B013-033	CAS listing and exact-delete handling is intended to share a callback-based `forEachListedKey` iterator and a `classifyDeleteOutcome` classifier across GC, fsck, and orphan-manifest cleanup.
B013-040	`GcState::fence_seq` is write-only vestigial state because GC outcome and retire keys use `(snap_generation, snap_attempt)`; its proto field is removed and field number 3/name `fence_seq` are reserved.
B013-041	`ShardCoverage::folded_cursor` and `ShardCoverage::incarnation` have no production readers and are removed from the fold-seal format while the `ShardIncarnation` type itself is retained.
B014-034	GC fold body reads should size each fresh `ReadBufferFromS3` from the known listed/meta body size plus small slack, capped at the current default; the expected effect is approximately 99% less fold-buffer churn with no behavior change.
B014-047	Manifest debris must be drained before deleting the victim mount slot because deleting the mount body removes `floorForNamespace` watermark authority and would make the debris ineligible forever; the decommission command is the epoch authority and can sweep old-epoch prefixes.
B014-080	The rev.6 GC-defense audit treats zero S3 requests spent fighting a foreign writer on hot paths as the compliance principle; incidental checks and CAS-linearized commits are compliant by definition.
B015-017	A new GC leader starts lease observation afresh, delaying fencing by one round without weakening safety because fencing is a liveness and cleanup mechanism.
B015-030	The rev.6 GC-defense audit keeps the `gc/state` CAS, orphan-sweep prior-epoch gate, and fold-lag machinery because they are GC or intra-node mechanisms rather than foreign-writer defenses.
B015-078	The recommended root-cause fix for the fetch-by-relink residual is a liveness re-check at the GC pre-CAS `deleteExact` site rather than restoring blanket promote-time HEAD and `loadMeta` probes.
B015-125	Reader retention is implemented as incremental removal deferral rather than refolding the entire pinned closure each GC round.
B015-130	Fetch-by-relink handoff pins and reader snapshot pins share only the GC retention-overlay primitive and are independently shippable features.
B015-142	Any future §5 revival must keep spare tombstones uncleared until a writer resurrects the blob with a fresh token.
B016-029	CAS runs use sorted NDJSON with no blocks, footer, or `seek`; `RunFileReader::seek`, `inDegreeInGeneration`, and `SourceEdgeKeyCodec::seekPrefix` are deleted because production consumers read runs sequentially, accepting approximately twice the bytes with re-binarizing `cas_run` as the localized fallback.
B016-065	`cas_gc_outcomes` is not deterministic: it uses idempotent `putIfAbsent`, and replay adopts an existing durable object after decoding rather than treating byte inequality as a correctness failure.
B017-044	Only `RunKind::SourceEdge` is live for standalone `cas_run`; `BlobDelta` and `TargetShardDelta` are dead, while `ManifestEntries` remains only for the embedded part-manifest stream.
B017-047	The production fold uses a hand-written two-cursor merge of the prior run stream and scattered deltas; no k-way line-based merger is introduced.
B017-080	The superseded v1 protocol proposed a build-owned pin at `gc/fetch-pins/<receiver_srid>/<build_id>` containing the fetched part's blob-ref closure, created by the sender before releasing its part.
B019-058	Review finding №2 is by design at the harm level: unconditional `resurrectStaged` is safe because content-addressed payloads are byte-identical, promote dependencies are tokenless-on-ref, and fresh tags defeat stale exact-token deletes.
B020-011	`CasDecommission.ManifestDebrisPhaseFailuresWarnAndContinue` should inject `S3_ERROR`, not `LOGICAL_ERROR`, because `sweepNamespace` catches `Exception` without inspecting the error code and the test models unavailable backend protection-view access rather than an invalid invariant.
B020-032	The sound S31 completeness check compares `previewDeletes` with the same-instant `fsck.pending_gc` and delete-pending classes, not cumulative `deleted_total`; no product-code change is required.
B023-057	The GC scheduler exits at its next wake on `Vanished`, on published `vanished_intent`, and on `IdentityLost`; it does not join from a callback.
B026-002	The skipped-transaction detector must detect the effect that a fold cursor advanced past a ref-log transaction that was never applied, rather than assume that the cause was a hole in a `LIST` page.
B026-013	Probe A compares the two existing full enumerations of `cas/refs/` instead of performing another scan, so it adds a set comparison and no backend I/O.
B026-021	`GcRoundLogRecord` uses a fresh `round_id` for every round attempt and stamps it on Start, Phase, and Finish rows; `round` is unsuitable because it is zero on Start, unavailable on non-leader rounds, and known only after a folding CAS.
B026-069	The fix must not assume holes are page-shaped or trust a particular store, must retain Probe A and its `HEAD` verdict, and should close Probe A's two blind spots with the authoritative chain rather than widen its witness rule.
B027-007	For each ref log, GC performs one GET of the log body because the transaction must be read; for each edge it performs one HEAD and one GET of the manifest body because the reducer needs the blob list for both `-1` and `+1` edges.
B027-010	Per-log GETs and per-edge manifest GETs are independent fetches; their application order matters, but fetching can be parallelized subject to the existing pool concurrency limit.
B027-024	A GC invocation performs a catalog-only pre-fold drain after acquiring its lease and before defer, stream enumeration, the fold catalog cut, folding, or successor-seal adoption; it deletes only complete observed `Removing` rows whose matching adopted life row has cleanup evidence and no durable hold.
B027-026	Namespace removal deletes lifecycle metadata only; it has no `suppress_destructive` input and performs no physical deletion, leaving `_ckpt`, stream objects, `_files`, and other dead-life objects to the perpetual `cas/ns/` janitor.
B027-154	The bounded-walk fix freezes each round's work set at the round-start LIST tail: if `tail_listed > cursor`, exact-walk only through `tail_listed`; if equal, skip the namespace; if below, skip and count the stale listing, with no new persistent state.
B027-156	A namespace reaching its frozen LIST tail is not counted as frontier-proven; quiet-namespace probes remain responsible for proving the frontier and detecting persistently hidden new records.
B028-010	The destructive GC round remains sequential in this series: it adds no `MultiDelete`, batch-delete API, parallel delete fan-out, or delete-side concurrency, so the soak establishes a per-operation baseline for a later optimization round.
B028-035	Probe A is deleted because catalog-authoritative discovery and LIST-independent recovery make its second full stream LIST irrelevant to correctness; B1/B2 accounting and the mount-time capability probe remain.
B029-006	The Stage-A sampled store-quality detector was intended to suppress only its response: a nonzero `CasGcRefScanDisagreements` does not abort, hold, or gate a round whose ref intake reads exact keys.
B030-057	Task 15 bounded rounds are the load-bearing GC scalability fix: making every round terminate restores cadence semantics for downstream work keyed on round completion.
B031-008	The C1 frontier fix removes both probing and durable holds for an uncataloged namespace because all probe and hold operations are reachable only inside the catalog-resolved loop.
B031-016	A `RemovalReady` namespace is excluded from GC walking and cursor creation, making cursor absence monotone while the catalog row remains present.
B031-022	Canonical cursors for namespaces absent from the catalog are retired metadata and should be omitted from the next seal, while the condition is counted and logged rather than used for pool-wide suppression.
B031-082	Writer cleanup duties own precommit-owner settlement and the active-build-floor pin, not physical body deletion; settlement order is exact `OwnerTransition` append or conclusive absence, then `retireBuildSeq`, then duty removal, with failures retaining the duty for retry.
B031-083	Physical unreachable bodies from `Rejected`, `Uncertain`, and `Durable` attempts remain GC/orphan-sweep-owned; the writer path never exact-deletes a body, and missing attribution suppresses destructive fallback.
B031-089	Enabling production destruction may change only the source of `frontier_complete` from hard-wired false to catalog-proven true; changing any other suppressor term is a protocol error.
B031-099	T6 cannot enable destruction until the frontier-attribution verdict is `BENIGN-TRANSIENT` with convergence evidence or a real-gap fix has landed and reproduced a complete frontier.
B033-030	The ref/GC subsystem has the highest documentation drift because Stage B landed on 2026-08-03 after the walkthrough, so current code takes precedence over the walkthrough for those pages.
B033-067	The LIST anomaly had a correct tail; the lie was omission of predecessors below the returned frontier rather than tail under-reporting.
B033-073	The CAS GC trust chain is catalog cut, `_ckpt` acknowledged frontier, exact `GET` records, and conditional-write fences; LIST is only a hint for work bounds, witness sets, and genesis.
B033-079	CAS GC optimization must retain arithmetic middle intake everywhere, frontier probes for held or logless namespaces, and `tail < cursor` quality detection; only `tail == cursor` can prove a trusted frontier under a bucket passport.
B034-016	Trusted-LIST frontier mode may skip the exact `GET cursor+1` probe only for a per-backend certified store whose LIST is known to include keys completed before the LIST began; the mode must remain opt-in and fail closed to probe-always.
B034-019	A backend-independent parallel exact-key walk can fan out namespace probes and `cursor+1..tail` record GETs over a bounded pool without changing the trust model, while fold application remains ordered or deterministic.
B034-033	The safe response to a GC post-CAS cleanup error is to retain leaked bodies for the orphan-manifest sweep rather than fail the already-committed decision; cleanup errors after `gc/state` CAS are data-safe but can redden the round.
B034-054	Expedited or GDPR deletion is intended to confirm that no live ref remains under the GC lock and then bypass the normal two-phase graduation delay without changing the layout.
B034-080	A naive GC fold budget is unsafe: omitted `+1` edges must suppress deletion rather than permit it, so bounded rounds require durable progress state.
B034-089	The chosen interim response to the LIST-hole hypothesis was mechanism-agnostic detection: compare two ref-prefix enumerations before advancing a cursor and compare intended-to-fold records with actually applied records; the permanent journal-chain fix remains required before release.
B034-101	GC read parallelism is safe because tables fold independently and log reads can be prefetched while prior logs are applied; the ordering constraint applies to folding, not fetching.
B035-005	The concurrent-leader GC fix stores every per-round artifact, including `retired` and `outcomes`, under `gc/gen/<gen>/attempt/<a>/...`, where `<a>` is the folding leader's lease sequence; a lease-guarded adopt CAS publishes `(snap_generation, snap_attempt)`, and readers resolve only that adopted pair.
B035-015	GC cadence should be driven by per-shard journal pressure (event count, body size, or age), not changed-shard count, because one hot shard can accumulate thousands of mutations while still counting as one changed shard.
B035-028	The resurrect-reupload fix makes `closeBlob` HEAD the current token when a prior retired entry reaches zero in-degree and condemns the current token if it differs from the retired token, matching `CaIncarnationCore`'s `GRetire` behavior.
B035-030	To reclaim abandoned precommits on parked shards, `Gc::computeDiscoverDecisions` force-reads a token-stable shard when its sealed minimal live precommit is dead according to the mount watermark, allowing `reclaimAbandonedPrecommit` to emit the owner removal.
B035-041	The GC-wedge fix protects pending removals of every owner kind: in `activeManifestKeys`, any removal with `transition_version > sealedFoldCursor` keeps its `old_binding` manifest body active until the removal `-1` is sealed; the sweep also emits a manifest-delete audit event.
B036-001	The B140 dangle fix requires both `TrimGated`, which limits journal trimming to the committed fold cursor, and `CursorInSnap`, which atomically commits the fold cursor with the snap edges.
B036-016	A DEFER invocation may inspect one bounded namespace-janitor page under suppression, but it must retain a valid cursor so the next authorized fold retries that page.
B036-018	The root-local part-manifest design retired the `listedTok` token-diff discovery skip: a LIST match may not authorize skipping a manifest or owner-transition fold read.
B036-025	The GC round DEFER mechanism bounds consecutive deferrals with `MaxDefer`; once the bound is reached, `GBegin` and weak fairness drive `GFold` so `unfolded` eventually returns to `{}`.
B036-029	`Indeg` is read from the sealed `folded` snapshot only; a delta added after the fold cut remains in `unfolded` and is protected by the pending-delta guard rather than by the in-degree check.
B036-030	FOLD and DEFER are mutually exclusive in an idle round: `DeferRound` is enabled only when `~GraduationDue` and its deferral condition hold, while `GBegin` is enabled for graduation or an exhausted honest defer budget.
B036-054	The CAS worklog's observed S42 stale-edge defect occurs when a precommit's `+1` edges fold into in-degree, allocation then aborts, and the orphan-manifest sweep deletes the now-unowned manifest without decrementing those folded edges.
B037-005	Catalog deletion does not require physical emptiness: `_ckpt`, stream, `_snap`, and `_files` residue may remain for the perpetual janitor or a family-specific sweep.
B037-017	The ref-delta intake has no quiet or expected-next 404 frontier: every catalog target must resolve through its exact CTE.
B037-020	Under the amended v9 intake, `LIST` is a zero-trust hint; fold progress advances arithmetically and destructive work requires a per-namespace frontier proof.
B037-072	`GFold` and `GSettle` are separate steps, so a `+1` durable after a round's fold cut is invisible to that round's settlement.
B038-007	GC must not trust LIST completeness, independently of whether the object store is RustFS or AWS S3.
B038-101	Run-file streaming is complete: `RunFileReader` uses ranged reads through `CasObjectStorageBackend::get` and `getStream`, and the whole-run `full` member was removed; delta-runs and compaction remain desirable follow-up work.
B038-104	The setting `gc_round_manifest_cleanup_budget` was removed entirely because bounding the one-shot manifest cleanup phase converts a bounded burst into a permanent leak.
B039-077	A retained view may delay detection of `INV-NO-DANGLE` after a live manifest body is physically deleted, so fsck and corruption probes must bypass retained views or use strict validation.
B039-127	The candidate `RoundContext` must preserve the GC invariant that round state is threaded and never re-read; adding a re-read convenience would be unsafe.
B040-017	Stage A must not be certified or deployed as a standalone deletion-capable stage unless it has the authoritative catalog universe or all destructive work remains globally suppressed until Stage B is installed
B040-026	Every destructive GC phase, including handoff_reclaim, must receive suppression state before execution and have a zero-delete test when the hold is active or the frontier is incomplete
B040-037	With only per-key deleteExact available, catalog-token and fence credentials must be revalidated immediately before each delete rather than once per multi-key batch
B040-041	The late-plus-one delete-site guard needs a test-only sabotage or fault seam that bypasses the final in-degree read, records an isolated RED test, and then restores the guard for GREEN
B040-046	The production UniversePolicy default must remain non-authoritative until a dedicated enablement task after Stage B Tasks 5 and 6, preferably Task 7, are green
B040-075	The frontier test belongs in gtest_cas_universe_from_catalog.cpp, while the sole Stage-B edit of gtest_cas_list_liar_end_to_end.cpp belongs to Task 7b
B040-095	The unversioned GcHeartbeat is acceptable only as disposable advisory state; if it affects cross-version safety it must be converted to protobuf with CasHeader
B040-116	If GcHeartbeat remains fixed binary, it must be documented as disposable advisory state with exact-length validation and permission for future readers to ignore or recreate it
B040-201	Orphan-manifest deletion for live namespaces must be disabled unless a persisted owner-grant ref id or fenced quiescent reconstruction proves the cut
B041-008	Catalog admission must reserve each entry's worst-case Removing and fold-seal representation so capacity can never refuse the transition needed to remove an admitted entry.
B041-022	Every unsettled writer cleanup duty must be persisted before the build is retired, with a defined adopter, exact-delete completion, and retirement transaction.
B041-027	Catalog admission must reject creation unless the encoded catalog plus worst-case fold cursor and removal reservations fit within both the catalog cap and the 256 MiB fold-seal cap.
B041-039	Orphan-manifest nomination must exact-GET and decode M, submit neutral current-count touches without B2 or unmatched-removal accounting, adopt them through the fold seal/gc/state CAS, and exact-delete M only afterward.
B041-042	Catalog admission must enforce the additive reservation predicate fold_fixed + Σ reserve_cursor(entry) + Σ reserve_removing_cleanup(entry) + Σ reserve_hold(entry) <= fold_seal_cap in addition to encoded_catalog(post).size <= catalog_cap.
B041-067	Classification-4 wire fields require exact bounded names and values, duplicate-field rejection, and a byte-exact worst-case reservation including escaped namespace text, framing, newline, and trailer growth.
B042-021	Arithmetic exact-key intake is the intended mechanism for closing LIST omissions; the former Probe A seam was deleted rather than retained as a sampled store-quality detector.
B042-033	Parallel GC fetching should be bounded by the number of in-flight manifest bodies and should leave application strictly ordered while fetching log and manifest bodies ahead of use.
B042-036	A proposed manifest cache is keyed by `ManifestId`, scoped to one fold round, bounded in bytes, and dropped at round end; avoiding one redundant edge avoids both its HEAD and GET trips.
B043-005	Blob in-degree is derived from a folded set of source-edge deltas keyed by `(kind, hash, source_manifest)` rather than stored as a mutable counter; set semantics can delay reclamation but cannot accelerate deletion.
B043-015	The ack-floor GC round replaces fence and recheck phases with a three-cursor streaming merge and one `gc/state` CAS; graduation requires `condemn_round < min_ack` and two-phase `delete_pending` handling.
B043-017	All decision-bearing GC artifacts, including `retired` and `outcomes`, are under `gc/gen/<g>/attempt/<a>/`, and only the adopted attempt is reader-visible.
B043-060	The useful manifest-body cache scope is one GC round: an op-scoped or transaction-scoped cache saves nothing, while a round-scoped cache can avoid cross-transaction re-reads; the HEAD-before-GET pair remains vetoed from change.
B043-078	GC, orphan sweep, and fsck should share a structured deletion outcome vocabulary: deleted, missing, token mismatch, unsupported, and failed.
B043-080	Retired entries can ride the source-edge snapshot as condemned-sentinel rows, reducing the GC merge from three cursors to two; a separate incremental LSM snapshot is an independent later optimization.
B044-019	GC streams the three-cursor merge but accumulates the round's `std::vector<BlobDelta>` in memory, so a large mass-drop delta can cause an OOM and repeated lack of progress for that shard.
B044-031	The later GCR-1 re-triage concluded that `rebuildBaseline` computes the mount-lease ack-floor and installs `gc/state` with a fail-closed CAS, so floor-gated graduation protects post-snapshot writer objects without refusing rebuild while writers are mounted.
B044-036	The P3-B1 fix invokes an `on_lease_acquired` hook immediately after `acquireOrRenewLease`, sets `i_am_leader`, and pulses the heartbeat before folding begins.
B046-041	sweepManifestCursorPage is test-only code: it was moved to src/Disks/tests/cas_sweep_test_support.h as sweepManifestCursorPageForTest, and no production translation unit calls it because exact-token deletion without source-edge retirement or gc/state adoption would recreate the accounting hole.
B047-001	T5 removes `Gc::sampleRefListQuality` and its `ref_list_probe` call, so a regular GC round no longer performs a second full ref-prefix LIST for store-quality sampling.
B047-021	`UniversePolicy::kDefault` is `Authoritative`; the destructive gate requires an authoritative universe, `frontier_namespaces > 0`, and `frontier_proven == frontier_namespaces`.
B047-042	After the destruction flip, the dropped-pool-member integration test expects janitor residue to drain to `janitor_pending == 0`, while checking `lifeless_keys=0` on every poll and retaining final `dangling=0` and `unaccounted=0` checks.
B049-015	`cas_gc_maintenance_state` has no janitor invocation, `GcState`, fold, catalog, DEFER, or round-publication coupling.
B049-049	Lifecycle physical cleanup is not part of the pre-fold drain: `suppress_destructive` does not govern it, and the perpetual `cas/ns/` janitor plus orphan-manifest sweep own physical debris.
B049-083	No janitor state is stored in `gc/state` or a fold seal, and there is no lifecycle-specific cleanup attempt.
B050-079	GC must not advance a cursor over records whose enumeration completeness it cannot prove from authoritative data rather than assuming a listing is complete.
B050-092	The in-degree reducer is intentionally not changed: a set cannot cancel an element it never received, and materializing an unmatched negative edge would create false deletion.
B051-106	The eager-unlink helper `isEagerContentAddressedUnlink` and six per-method `remove*` eager branches are replaced by subclass dispatch, with durable deletion represented as a staged intent materialized at commit.
AUDIT-M-015	The current GC implementation (Gc class, CasGc.h) is a leader-paced ack-floor redesign (spec 2026-07-02): one pass per round consisting of a heartbeat ack floor over MountLease.observed_gc_round, a three-cursor merge fold, two-phase condemn/graduation deletion, and a single gc/state CAS; the older fence_round/recheck terminology survives only as fossil comments/variable names.
AUDIT-M-043	Task A7 serializes the manual `SYSTEM ... GC` round against the background GC loop using a dedicated gc_round_mutex rather than the scheduler's existing `mutex`, because loop() deliberately releases `mutex` before running a round so that stop() and heartbeatLoop() are not blocked; holding `mutex` across a long fold would freeze the GC heartbeat and stall shutdown.
AUDIT-M2-029	GC baseline rebuild is deliberately over-protective rather than under-protective: a build alive across journal trim has no journal evidence, so its manifests look unowned; the rebuild includes edges for every unowned manifest that is not provably build-dead, over-protecting rather than risking under-count. An unowned manifest that later dies with no journal evidence leaks its blob's edges for one bounded rebuild-to-rebuild window, `fsck`-visible as `unaccounted` — preferred to violating `INV_OVER_COUNT_ONLY`.
AUDIT-M2-163	A destructive GC gate based only on `proven == total` accepts an empty universe vacuously because `0 == 0`; the fix adds an explicit nonempty-authority predicate so the gate cannot be satisfied by having nothing to prove.
AUDIT-M2-192	`cas-gc-rebuild`'s security verdict: it cannot delete live data directly (deletions still flow through the normal round's ack-floor plus two-phase plus exact-token path), and a crafted owner state that makes rebuild under-count requires full owner-plane write access, which already implies total pool compromise (SEC-3) — the trimmed-history guard closes the naive truncation path. Residual risks: FORCE only skips the healthy-pool check (operational risk, not a safety bypass); rebuild does a full-universe discover-and-fold (O(all shards + all journals)), an expensive pool-wide sweep an attacker with SYSTEM access could trigger repeatedly (shares the SEC-4 decode/fold exhaustion surface); and a concurrent GC leader's round CAS and rebuild's `gc/state` install can contend, so rebuild must be verified to respect GC leadership or a split-baseline is possible.
AUDIT-M2-235	D7: the SQL `SYSTEM CONTENT ADDRESSED GC REBUILD` verb and the offline `clickhouse-disks ca-gc-rebuild` command are NOT duplication — both call the same `Gc::rebuildBaseline` core through two deliberately inverse-gated surfaces (live/writable vs offline/read-only), and this dual surface should be kept as-is.
AUDIT-M2-266	There are two independent sharding axes in GC that are deliberately different and easy to confuse: `blobShard` (blob-hash high64 % gc_shards, for in-degree work) versus `Store::shardOf` (CityHash64(ref_name) % root_shards, for the owner journal). There are also two independent lease/watermark concepts: the GC lease inside `gc/state`, versus the mount lease / build watermark at `gc/server-roots/<srid>/mount`; `computeHeartbeatFloor` fences only the latter, never the GC lease.
AUDIT-M2-284	The RemovalReady state costs less wire-format surface than a life-keyed-cursor alternative: cursor identity appears in eight files spanning the wire grammar, every builder/parser, REBUILD, fsck, and the sweep's coverage lookup, versus one enum value, one codec branch, one transition, and the five predicate sites for RemovalReady. Life-keyed cursors also create a new corner case (a reborn name's fresh-life cursor coexists with a dead-life cursor nothing prunes), so they only relocate the retirement-tracking problem rather than avoiding it.
AUDIT-M2-301	The Stage B strategic review's invariant rulings: weaken byte-exact fold-seal capacity reservation to a generous over-covering bound (count times a conservative constant, hard namespace cap ~10^4) instead of exact worst-case arithmetic; cut the `Creating`-forbids-publication write-path check as a separate production-path obligation since `resolveNamespaceLife` already loops until `Live` and is the sole life source; cut incarnation-scoped fold cursor re-keying once prune-before-entry-delete is the pinned invariant; weaken the `_ckpt` conflict-is-corruption join to a semantic-max merge (corruption only on genuinely incomparable fields).
AUDIT-M2-344	Under strict removal ordering, the worst cases "two cleanup rows for one namespace" and "a cleanup row with no catalog entry" become unconstructible (both require rebirth before the first removal retired); the worst-case capacity test should be replaced by an anomaly check that fires if GC ever observes an entry-less cleanup row.
AUDIT-M2-358	Probe A is reported-not-gated: a soak can go GREEN with confirmed enumeration holes (`nonzero_in=28/88 reads`) because folding aborts and nothing is deleted, which is defensible while the product fails closed, but is flagged as a decision that should be made deliberate now that the holes are confirmed rather than suspected.
AUDIT-M2-386	The ack-floor GC redesign drops `process_epoch` as a separate merged-heartbeat field because the writable path already sets `process_epoch = writer_epoch` (`CasStore.cpp:157`) and the sweep consumes `writer_epoch` unchanged, so a distinct field would be redundant.
AUDIT-M2-387	The ack-floor design renamed the sabotage control `SabotageDeleteAtFloor` to `SabotageIgnoreAckFloor` because an `r < min_ack` vs `r ≤ min_ack` off-by-one is provably still safe under the publish-order invariant, so the load-bearing control is "ignores the floor entirely", not the exact boundary.
AUDIT-M2-417	An optional pre-pass refresh for the promote copy-forward tokenless-blob race fix (spec §3) was deliberately deferred rather than implemented: it is a fast-path-only optimization, not required for correctness, so it was left unscheduled rather than turned into a task.
B015-102	Per-round LIST hunting for deposed-leader GC debris had already been removed; stale generations are now reclaimed by ordinary retention pruning with zero extra hot-path requests.
B038-008	The three observed ref-log keys were deleted at 16:53:59 after folding aborted and a later complete enumeration reclaimed them; this occurrence produced no leak.
B005-003	Before the redesign, 100,000 tables with 8 root shards each required approximately 800,000 CAS-PUTs and 1,600,000 GETs per GC round because the fence and recheck traversed the entire root-shard universe.
B005-032	The redesigned steady-state round budget is one LIST sweep plus O(servers) heartbeat GETs, O(D) changed-shard GETs, O(window) manifest GETs, O(gc_shards) run GET/PUTs, candidate HEADs, graduated DELETEs, O(D) coverage PUTs, and one `gc/state` CAS, with no O(universe) GET/PUT phase.
B005-043	Before T2, a snapshot run was materialized three times—by `CasObjectStorageBackend::get`, `RunFileReader::full`, and `readPriorEdges`—for peak memory of approximately 3 × O(active edges) per GC shard; the target example estimated about 24 GB RAM for one fold.
B005-044	Before T0, every pass rewrote every GC-shard snapshot run even for an empty delta, causing an idle pool to pay two snapshot sizes per round; at the target scale and 5-minute rounds this was estimated as terabytes per day of churn.
B005-047	Opening a snapshot run in streaming mode uses a HEAD, a ranged tail GET for the footer, and a body `getStream`; resident run memory is O(block) while the wire bytes are unchanged.
B005-054	With T0, an idle round that has no changes touches zero snapshot-run objects and consists of the LIST sweep, heartbeats, and one `gc/state` CAS.
B006-039	Idle GC over a static 20M-row, 400-part pool used about 1,362 `CasGcGet`, 643 `CasBlobHead`, and 457 `CasRootGet` operations per round, roughly 2,500 S3 operations per round despite no changes.
B006-040	The observed GC round duration grew from 87 ms at 400 parts to 92.6 seconds at 10,000 tables and 398 seconds at 100,000 parts, demonstrating O(ref-universe/object-count) scaling; fsck also becomes O(objects) and timed out at 100,000 parts.
B006-045	Partitioned inserts in S11 require O(partitions) CAS commits, taking about 10 seconds for a 256-partition insert; deferred GC during 64 delete rounds allowed orphaned parts to outpace disk capacity.
B006-063	`Gc::fold` performs a streaming two-cursor merge over the entire prior generation's source-edge run, reading the whole prior generation and writing a whole new consolidated run even when one edge or no edge changed.
B007-085	The resurrect-replaced repair adds one HEAD only for a touched condemned transition; quiescent graduation through `settleRetiredBelow` takes no additional HEAD.
B018-043	The codecs-v3 phase-3 soak completed with `dangling=0`, equal oracle counts on both replicas, recovered from four faults and two restarts, and drained the pool from about 3 GB to 102 MB.
B027-005	The measured ref-intake cost is `logs + 2 × edges` round trips at approximately 0.9 ms per trip, making the phase request-bound rather than CPU-bound.
B027-006	In the measured intake, 7,565 edge reads were re-reads across 4,573 distinct manifests, or 39.6%; all observed re-reads were cross-transaction and none were intra-transaction.
B027-009	The ref-intake loop is serial: approximately 1.9 million requests at 0.9 ms each imply about 1710 seconds, close to the observed 1830-second maximum and consistent with nearly all phase time being serial request latency.
B027-011	If the approximately 1710-second serial fetch floor were parallelized N-way, the ideal fetch component would be about 213.75 seconds at N=8 and 106.875 seconds at N=16, before merge cost.
B027-067	The ref-chain design adds about two serial S3 round trips per committed chunk for `_ckpt`, one conditional PUT per touched namespace per epoch transition during recovery, and one catalog GET per fold round after the hot LIST.
B030-075	The dominant T15 GC cost was `defer_decision`: 5,096.39 seconds, 79.11% of GC time, including full LISTs of about 177,000 keys even when `changed_shards` was zero.
B030-106	The empty `CaGcDestructiveGateCore` universe configuration was green, with `CatalogUniverse = FrontierProven = {}` and physical actions suppressed despite the two sets being equal.
B030-115	`CaGcAckFloorCore_empty_blobs.cfg` and `CaGcAckFloorZombie_empty_blobs.cfg` both passed as green with empty `Blobs` sets.
B030-116	`CaGcLeaseCore_empty_actors.cfg` passed as green with `Actors = {}`.
B030-117	`CaGcRootLocalPartManifestCore_empty_namespaces.cfg` passed as green with `Namespaces = {}` despite the model having configurable entity sets for writers, leaders, blobs, manifest instances, refs, builds, paths, build prefixes, and shards.
B030-118	`CaGcRoundDeferCore_empty_blobs.cfg` passed as green with `Blobs = {}`.
B030-123	`CaRetiredInRun_empty_blobs.cfg` and `CaRetiredInRunFoldAbortWitness_empty_blobs.cfg` both passed as green with empty `Blobs` sets.
B033-065	Across 65,263 ref-log uploads in the affected namespace, partitioned by epoch, zero uploads were out of order.
B035-016	The GC cadence tradeoff is approximately `A/interval + B·interval`, where `A` is per-fold universe work and `B` is writer amplification from journal growth; the proposed optimal interval scales as `sqrt(U) / r` for blob universe `U` and hottest-shard mutation rate `r`.
B035-021	GC folds remain O(ref-universe) for large deltas: measured duration grew from about 87 ms at 400 parts to 93 seconds at 10,000 tables and 398 seconds at about 100,000 parts, even though correctness held with `dangling=0`.
B036-004	The merged `m_merged` configuration was green with `TrimGated = TRUE` and `CursorInSnap = TRUE`, while `m_both_buggy`, `m_cursorskip`, and `m_trimonly` violated `INV_NO_LOSS` under the same bounds.
B038-085	Streaming GC run reads use true ranged reads and `getStream`; opening a run costs three requests (`head`, tail `get`, and body `getStream`), or four when a large footer is present, and each `seek` costs one ranged GET per block.
B038-103	The C2 soak comparison recorded 112,518 skipped entries and 110,218 permanently unreachable objects with a cleanup cap of 5000, while disabling the cap drained 223,714 objects with zero unreachable objects.
B039-151	The `system.cas_gc_log` counters `entries_condemned`, `entries_graduated`, and `entries_redeleted` represent the three retired-cursor pipeline stages: newly condemned, floor-passed and republished `delete_pending`, and executed exact-token blob deletes.
B042-035	In that fold window, 2,991 manifests carried both an add and a remove edge, and `CasManifestGet == CasRefEmittedEdges`, demonstrating that no manifest-body cache existed.
B050-091	The outstanding reconciliation debt recorded 56 already-leaked blobs that incremental rounds could never reclaim because their in-degree was pinned above zero; only rebuilding in-degree state could reclaim them.
AUDIT-M2-030	Before generation retention (B174) was added, a 12h soak measured `gc/` bookkeeping at 82% of pool storage (2822 retained generations, roughly 3.7 MiB/shard/generation), dwarfing actual data 8:1.
AUDIT-M2-069	GC observability gained per-phase timing during Stage B, which immediately found the fold seal being read five times per round where the design intended two.
AUDIT-M2-093	The measured GET-cost formula for a folding GC round is exact: total `S3GetObject` = ref-log body GETs + manifest body GETs, i.e. `1 + edges_per_log`, which climbs from 1.54 to 3.73 as backlog grows; round trips equal `logs + edges` at a flat roughly 0.5 ms per round trip across a 140x request range, and a measured 416-round `Success` sample cost roughly $0.007 in total S3 charges.
AUDIT-M2-355	GC's `fold_ref_intake` is linear in the ref-log backlog at 256 logs/s sustained; the flat cost is per S3 request (~0.92 ms), decomposing as one GET per log body plus one per emitted manifest edge, so round trips equal `logs + 2*edges`, and edges-per-log climbs from 1.54 to 3.73 as backlog grows.
AUDIT-M2-356	39.6% of GC intake manifest fetches are re-reads (7,565 edges over 4,573 distinct manifests): intra-transaction redundancy is exactly zero, and all of it is cross-transaction (2,991 manifests carry both an add and a remove edge in the window, so the same body is read once when the ref is published and again when it is dropped), making a round-scoped body cache — not an op- or transaction-scoped one — the effective lever.
AUDIT-M2-440	Probe B's throw wedges GC until an operator runs the rebuild; on a pre-release soak stand this cost a disk-budget blowout, with the last observed run reclaiming 124 GB at one checkpoint once the wedge was cleared, which motivates the open question of whether the first N occurrences should suppress-and-continue with a counter, escalating to a throw only on recurrence.
B007-076	A sweep-only defense that makes `activeManifestKeys` judge precommits dead was deferred because it would delete the manifest body without releasing the precommit's pinned blob edges; the fold-side fix is required.
B028-024	Removal completion performs no namespace-owned physical LIST, physical delete, physical-empty proof, or second deletion window; `_ckpt`, stream, and namespace-file residue is leak-only janitor work, while orphan manifests remain the orphan sweep's work.
B034-004	Queueing an exact removal is not a valid fix for the unmatched-minus-one leak because `RefTableState` throws `CORRUPTED_DATA` when the binding is absent, turning the leak into a permanent wedge.
B034-088	`DeleteObjects` cannot replace token-conditional `deleteExact` because bulk delete has no per-object precondition and could delete a replaced incarnation; parallel individual conditional deletes preserve exactness.
B034-120	A cap on manifest cleanup was rejected because it converted a bounded burst into a permanent leak; measured cap=5000 left 112,518 entries skipped, while disabling the cap drained 223,714 entries in-round.
AUDIT-M2-220	Moving pre-CAS redeletes to execute only after round commit (to avoid idempotent re-execution on an aborted round) was rejected: the pre-CAS placement is a deliberate Task-9 ack-floor decision justified by durable state and safe at any leader staleness, re-execution is idempotent via exact-token deletes, and the P3-B1 heartbeat fix already removes the amplification that made aborts frequent; revisit only if a post-fix soak still shows re-execution churn.
AUDIT-M2-429	Accepting a condemned tokened blob without resurrecting it is UNSOUND and rejected in the promote/resurrect design, because the condemn→delete pipeline is exact-token two-phase and an accepted-but-condemned token can graduate to delete, dangling the manifest; only a fresh incarnation via uploadFromSource is safe.
B033-135	`SYSTEM CAS GC RUN ca` performs one synchronous GC round on the contacted node, and only the lease holder makes progress.
AUDIT-M2-359	The `gc_anomaly` audit event caps at 32 rows per round (one historical firing had 244,939 holes); the cap and the true total both travel in every row, and a truncated round logs an explicit line naming how many were counted but not detailed.
B020-025	On an empty CAS pool, `scratch_bytes` grew from about 1 MiB to 21 MiB on `ch1` and from 16 KiB to 21 MiB on `ch2` during idle GC, indicating a separate local staging-file cleanup question that does not explain the tracked-memory gate.
B021-015	The BACKLOG item `[clamp liveness] scoped suppression under long persistent clamps` should make a clamped key reportable, either by emitting `ref_late_log_detected` or a dedicated clamped-key anomaly directly from the clamp path while the sweep skips the key.
B031-004	Task 5 must delete a catalog entry only after the cleanup marker and cleanup-item retirement are durable, and must prune the namespace cursor before deleting the entry.
B031-010	The fold cursor identity must include the full `NamespaceLifeId`, and its format, parser, consumers, and same-epoch low-sequence rebirth regression test must be updated together.
B031-017	The `RemovalReady` predicate must be enforced at five cursor or walk producers: the catalog-only frontier loop, parent-cursor carry, hint admission, REBUILD, and the `Removing` to `RemovalReady` no-hold precondition.
B034-022	Incremental point-updatable in-degree is intended to make non-idle small-delta rounds O(delta) and provide a global change signal that can eliminate the per-round `LIST(cas/refs/)` O(shards) sweep.
AUDIT-M2-137	Task-8 review F1 (rev.6): Removed-lifecycle recoveries are not sealed — a late rebirth PUT from a dead epoch can transiently resurface in cold folds until GC namespace-cleanup; intended behavior is Live-only sealing, but extending the seal to Removed is a documented follow-up if this becomes observable.
AUDIT-M2-138	Task-11 review F1 (rev.6): the anomaly-routing policy is only partially deployed — two foreign-bytes-signature sites need semantics analysis before routing through `reportImpossibleInterference`: `flushRefBatch`'s fresh-id resolve-before-reissue catch (a reviewed availability fix), and `stageManifest`'s ManifestId-collision path (possibly legitimate dedup).
AUDIT-M2-213	The v7 ref-chain design's required go-red negative test controls under `HoleyListBackend` are: a wholly hidden A:+1 versus a visible B:-1 on the same blob; a carried hold followed by a round that omits the offending namespace; process death both before and after nomination adoption; many serialized catalog admissions exceeding aggregate fold reservation; decommission with a `Removing` catalog entry omitted by LIST; opening a legacy soak pool; and stale-handle rebirth between `namespaceFilesReadable` and the subsequent verbatim operation.
AUDIT-M2-280	The `RemovalReady` catalog-state proposal's monotonicity claim requires the predicate to be enforced at five distinct cursor/walk producer sites: the catalog-only frontier loop, the parent-cursor carry, hint-named namespaces (from the round's ref listing), REBUILD's cursor reconstruction, and carried holds (which need an explicit no-hold precondition on the Removing→RemovalReady CAS). The proposal's own text only explicitly covers the first and fifth; hint admission and REBUILD were flagged as not covered and must be added before implementation.
AUDIT-M2-281	The RemovalReady review identifies four claims the counter-proposal itself silently drops and that must return before implementation: (1) the perpetual `_files` janitor for foreign-incarnation debris (spec INV-3 still mandates it; without it the Task-4b leak interval becomes permanent), (2) the unauthorized terminal-append negative test, (3) the no-physical-empty gating proof reshaped as an op-journal test, and (4) Task 7's dead-root resume table needs two new rows for `RemovalReady`-without-`_ckpt` and `RemovalReady`-with-`_ckpt`.
AUDIT-M2-283	The RemovalReady proposal leaves the `Removed` ref-snapshot's fate conditional even though it has a second consumer: `namespaceIsRemoved`'s cold-runtime recovery reads the `Removed` lifecycle state, which the reader-absence predicate rides on. The task must decide the mechanism explicitly: reader absence should come from the catalog cut, and the `Removed` snapshot plus the `_cleanup` gate should be rewired or deleted together.
AUDIT-M2-347	A dropped Task 5 test obligation, `NamespaceRemovalDoesNotListOrDeleteFiles`, was the executable proof that removal has no physical-empty dependency (no `_files` LIST, no `_files` delete, entry deleted while files still exist); it must be restored in any rewrite.
AUDIT-M2-348	A dropped Task 5 test obligation is janitor suppression: a janitor that deletes during a suppressed round would pass every test named in the rewrite, so a suppressed-round-deletes-nothing test must be added.
AUDIT-M2-428	The ideal, fully-invisible zero-re-upload fix for the promote/GC condemn race is a writer-triggerable synchronous fold that activates the precommit edge before revalidation, but no writer↔GC synchronous-fold API exists today (only a test-only foldManifestEdgesForTest); this is recorded as a follow-up, with the bounded in-closure resurrect used as the pragmatic fix instead.
AUDIT-M2-439	In the CAS GC-observability skipped-transaction-detector design, probe A's independence from probe B rests on the two enumerations being separate physical LIST walks; if a future optimisation merges them (listing the same prefix twice is an obvious target), probe A would silently become vacuous, and the design leaves open whether the guard against this should be a code comment forbidding the merge or a test asserting two distinct LIST walks occur.
AUDIT-M2-441	In the CAS GC per-phase observability row design, phase_metrics is typed as a Map, so there is no compile-time type checking on key names and a typo in a key is invisible; the design leaves open whether this is worth a compile-time key list or is over-engineering for an introspection table.
AUDIT-M2-442	The CAS GC per-phase row design treats its 17-phase split as a judgement call: fold_seal_read and fold_seal_write (one GET and one PUT) could fold into neighbouring phases, and round_commit mixes the heavy prune step with the trivial CAS step and arguably should be split.
B040-043	The plan's site map names nonexistent CasLayout and unqualified refLogKey, and points to nonexistent ContentAddressed/CasLayout.h and ContentAddressed/CasDecommission.cpp instead of Formats/CasLayout.h and Tools/CasDecommission.cpp
B040-064	The corrected paths still leave publishCkpt declared with nonexistent CasLayout and CasMountRuntime references, while Stage B's shown non-dependent requires expression can be a hard compile error
B046-033	The 05020_content_addressed_fsck.reference golden was missing the three columns namespace_janitor_pending, namespace_janitor_pending_bytes, and namespace_janitor_pending_lives, so its 17-field header and row could not match the 20-column SQL output; the golden was regenerated with the columns after lifeless_keys.
AUDIT-M-036	MultipleDisksObjectStorageTransaction has a latent bad_weak_ptr risk: a double enable_shared_from_this base means the CA writeFile pinning subclass is not reachable today only because cross-disk CA copy hits a different path first (DiskObjectStorageTransaction.h). Proposed fix: drop the redundant base.
B001-001	CAS is an opt-in disk backend enabled with <metadata_type>content_addressed</metadata_type> that stores MergeTree part files once by content hash in a shared object-storage pool.
B001-003	The CAS implementation has a frontend layer, a backend-agnostic DB::Cas core, and a token-aware Cas::Backend seam; dependencies point inward and the core does not include the frontend.
B001-035	CasStore owns mount lifecycle, ref snapshot+log state, manifest reads, and plain-object helpers; CasBuild owns blob hashing, staging, deduplication, and condemned resurrection.
B001-061	The frontend translates IMetadataStorage and IMetadataTransaction path operations into (namespace, ref, file) routes and then into Cas::Store or Cas::Build operations.
B004-001	The content-addressed storage backend stores each `MergeTree` part file once under a content hash so multiple servers can share a pool without byte duplication or Keeper state proportional to data volume.
B008-009	`PartRefKey::cacheKey` joins namespace and ref with a NUL separator because NUL cannot occur in disk-derived namespace strings or ref names, making keys unambiguous even when refs contain `/`.
B008-016	`PartFolderView::estimatedBytes` conservatively includes fixed overhead, mutable key/value payload sizes, and `manifest_size`, intentionally over-counting the shared manifest decode.
B008-051	The manifest decode-cache weight includes fixed overhead plus each entry's path size, inline-byte size, and per-entry overhead, and the view cache keeps its conservative `manifest_size` component because a view can outlive a decode-cache entry.
B008-053	The design scope is content-addressed metadata reads and committed part-ref mutations below `ContentAddressedMetadataStorage`; it excludes `MergeTree` changes, `IMetadataStorage` API changes, and disk or pool format changes.
B008-060	The design does not cache blob payload bytes, ref absence, or namespace listings, and it does not add a disk-persistent cache, distributed invalidation, generic path-result cache, SQL introspection, or `IMetadataStorage` API.
B008-064	`ContentAddressedMetadataStorage` owns one facade instance, constructs it after `Store::open` during startup, resets it before `cas_store` during shutdown, and its accessor throws `LOGICAL_ERROR` before startup.
B008-084	The retained map is a `Common/CacheBase` LRU keyed by the canonical `PartRefKey` string and weighted by `estimatedBytes`; namespace erasure is a prefix scan and is hygiene rather than correctness.
B008-086	A retained view's weight is fixed overhead plus mutable key/value sizes plus `manifest_size`; views above `cas_part_folder_cache_max_entry_bytes` are served but not retained.
B016-050	`Formats/README.md` is a living registry whose bucket map, codec table, and evolution rules are updated in the same commit as any persisted-format change.
B017-096	The canonical include direction is `Primitives → Formats → Backend → Pool → Gc → Tools ≈ Parts → facade`; `Tools` and `Parts` are siblings with no edges between them.
B017-097	The include-direction rule is documented in `README.md` and is not enforced by a CI script; deliberate exceptions allow the staging sweeper and `probeConditionalCopy` to bypass `Backend` into `IObjectStorage`.
B018-028	The source-layout refactor's include-direction rule permits a file to include only its own layer and layers to its left, with named exceptions for the staging sweeper and `probeConditionalCopy` bypassing `Backend` into `IObjectStorage` and for `Backend` reading `Formats` traits.
B027-107	A test belongs in the pull request introducing the topmost unit it genuinely exercises; if a purported unit test needs five layers, the code seam is wrong or the test is actually an assembly test.
B027-114	Stage A closes the LIST-incompleteness blocker for existing namespaces with per-namespace contiguous ids, in-band `EpochSeal`, `_ckpt`, arithmetic fold/recovery, a destructive-round frontier proof, and REBUILD-surviving holds; LIST is only a zero-trust hint.
B031-073	The Stage B catalog is the sole authority for namespace lives, LIST is only a zero-trust hint, held `NamespaceLifeId` handles make hot reads catalog-free, destructive actions revalidate exact catalog tokens per key, and the destructive gate opens only on a complete catalog-proven frontier.
B033-031	An extraction manifest gives every corpus file either `records: N` or an `ephemeral` reason; every durable record has one claim, source paths, issue IDs, and one suggested target.
B035-061	The consolidation coverage matrix is the mandatory deletion gate: a source document may not be deleted unless the matrix maps its durable invariants, decisions, rejected paths, and load-bearing technical details to consolidated targets; ephemeral play-by-play is intentionally excluded.
B035-097	The CAS drop-in goal is `metadata_type = content_addressed` with no DDL or engine change; acceptance work includes the B31 gate, removal of tags, and no-leftovers GC.
B037-094	CAS is a `metadata_type = content_addressed` disk back-end for `MergeTree` and `ReplicatedMergeTree` that stores each part file once by content hash, allowing replicas to share an object-storage pool without byte duplication or zero-copy replication.
B038-031	The include-direction rule permits a file to include only its own layer and layers to its left; the staging sweeper and `probeConditionalCopy` are named exceptions that reach directly into `IObjectStorage`.
B039-104	A content-addressed disk is an `IMetadataStorage` over an `IObjectStorage`; reads follow `ref → tree(manifest) → blob`, writes hash blobs before atomically publishing a tree manifest and ref at commit, and removal unlinks the ref for later reachability GC.
B039-107	`Cas::Store` is the central pool object for the read path, ref lifecycle, shared `mutateShard` CAS loop, decode/tree caches, watermark, and event sink, and is a friend of `Build` and `Gc`.
B039-123	The intended dependency direction is ClickHouse Disks interfaces to content-addressed orchestration to `Cas::Store`, then to `Cas::Backend`, `Cas::Layout`, codecs, and value objects; no cyclic dependencies were observed.
B040-143	The v2 format registry requires one FormatId entry with magic, family, cap, and compression policy, one codec pair, one storage key, one golden and corruption test, and one codecs.md row per persisted object
B040-179	The v3 format checklist requires one FormatId entry, one mapping-only codec in Formats, one documented CasLayout key, one shared-harness registration, and one Formats/README.md row
B046-001	The seven SYSTEM CAS command type constants are CAS_GC_RUN, CAS_GC_REBUILD, CAS_DROP_POOL_MEMBER, CAS_FSCK, CAS_FORGET, CAS_GC_STOP, and CAS_GC_START.
B046-003	SYSTEM CONTENT ADDRESSED GC RUN foo is no longer accepted, while SYSTEM CAS GC RUN foo parses and reaches disk resolution, returning Unknown disk foo for an unknown disk; no backward-compatible alias for the old spelling remains.
B046-036	The contentAddressedFsckColumns declaration and appendContentAddressedFsckRow both contain 20 entries, with the three janitor-pending columns immediately after lifeless_keys.
B047-046	CAS soak system-log sections and tables are named `cas_log` and `cas_gc_log`; `cas_garbage_collection_log` is not the configured section name.
B047-047	The system tables `system.content_addressed_log`, `system.content_addressed_garbage_collection_log`, and `system.content_addressed_mounts` no longer exist; live soak tooling queries their CAS-renamed counterparts.
B048-052	The renamed system-table pages are `cas_gc_log.md`, `cas_log.md`, and `cas_mounts.md`, with slugs under `/operations/system-tables/cas_*` and explicit anchors on every touched heading.
B050-009	`CasInspect` does not render snapshot `lifecycle` or snapshot `remove_txn_id`, while retaining fold-seal cleanup evidence `remove_txn_id` as separate authoritative state.
B050-019	Snapshot JSON from `CasInspect` contains neither lifecycle nor snapshot removal id, while fold-seal `cleanup_evidence.remove_txn_id` remains rendered.
AUDIT-M-001	CAS does not dedup independently recomputed bytes (parts are not bit-reproducible across independent rebuilds due to compression block boundaries, codec defaults, and TTL now()); cross-replica dedup works only because one replica produces a part and others reference it.
B004-002	The CAS pool protocol has no external coordinator and no ZooKeeper/Keeper usage; `MountLeaseKeeper` is a lease renewer rather than a Keeper client.
B008-004	`Cas::findEntry` performs binary search over decoded manifest entries and returns a pointer into the input vector or `nullptr` when the exact path is absent.
B008-005	`Cas::entryRange` returns the contiguous `[first,last)` span of entries whose paths start with a directory prefix, and an empty prefix denotes the whole entry span.
B008-031	After Phase 2 migration, `Cas::Store` is protocol-only: `Store::lookupPath` and the manifest overload of `Store::listDirectory` are deleted in favor of `Cas::findEntry` and `Cas::entryRange`.
B008-040	The retained view map is a byte-weighted `Common/CacheBase` LRU keyed by `PartRefKey::cacheKey`; it is consulted and populated only for `CachedForLoad`.
B008-049	Phase 5 replaces the count-only manifest decode cache with a byte-weighted `CacheBase` LRU while leaving `shard_decode_cache` and `dedup_cache` in `Cas::Store`.
B008-054	The architecture places one `CachedPartFolderAccess` facade between `ContentAddressedMetadataStorage` or `ContentAddressedTransaction` and `Cas::Store`; the facade serves immutable `PartFolderView` snapshots and owns committed part-ref mutations.
B008-056	`readManifestShared` exposes the immutable manifest decode already held by `manifest_cache`, and strict decoder path ordering enables `PartFolderView` binary search and range scans without materialized indexes.
B008-058	Phase 5 byte-bounds `manifest_cache` without relocating `shard_decode_cache` or `dedup_cache`, and retains the conservative `manifest_size` over-count in the view cache.
B008-083	`Store::lookupPath` and the manifest overload of `Store::listDirectory` are removed after callers migrate because pure tree queries do not belong in the protocol class.
B017-090	The source-layout refactoring is an approved design whose goal is a readable self-describing CAS tree with strict one-direction includes, selected file merges, and decomposition of `CasStore` and `CasBuild`, with zero behavior change.
B017-095	The target tree removes `Core/` and organizes CAS code into `Primitives`, `Formats`, `Backend`, `Pool`, `Gc`, `Tools`, `Parts`, and top-level facades.
B017-105	The decomposed `CasPool` remains a composition root with thin delegating wrappers so external wiring, GC, tools, and tests retain their existing API.
B018-027	The source-layout refactor target tree is `Primitives → Formats → Backend → Pool → Gc → Tools ≈ Parts → facade`.
B022-057	The `SYSTEM CONTENT ADDRESSED GARBAGE COLLECTION` command is renamed to `SYSTEM CONTENT ADDRESSED GC RUN`; the disk argument remains optional and omitted means all CA disks.
B026-001	The CAS follow-ups define four mechanisms: a mechanism-agnostic skipped-transaction detector, per-phase rows in `system.content_addressed_garbage_collection_log`, an `S42` verdict based on consistency assertions, and an opt-in mount-time force-claim.
B027-097	The CAS subsystem forms a dependency DAG `Primitives → Formats → Backend → Pool → {Parts, Gc} → Tools` with one `CasTypes.h → CasFormat.h` include cycle and no layer including top-level glue.
B027-098	The feature is reachable through the single registration line `factory.registerMetadataStorageType("content_addressed", …)` in `MetadataStorageFactory.cpp:219`, enabling the subsystem to land dark until a small wiring change turns it on.
B027-100	`Pool/CasPool.cpp` is a 66-method facade mixing mount lifecycle, ref-ledger delegation, staging, plain objects, blob upload, metadata, and event dispatch; it is identified as the subsystem's god object and should remain a thin facade during decomposition.
B027-101	The large CAS headers are not to be split: their comments occupy 53–61% of the files and document the protocols as normative reviewer-facing specifications.
B033-001	The CAS documentation consolidation uses a four-phase pipeline: freeze the corpus, map documents to durable claims, classify and verify claims against code at HEAD, and reduce the verified ledger into current documentation.
B033-003	The consolidated user-facing CAS documentation is placed under `docs/en/antalya/cas/`, with the old corpus retained only when it is still valuable and still actual.
B033-010	The frozen CAS corpus includes changed markdown/text files relative to the merge-base with `altinity/antalya-26.6`, selected untracked CAS-related markdown/text files, and explicit `utils/ca-soak/scenarios/` documents, while excluding `.tla` and `.cfg` files.
B033-011	Map records represent one self-contained durable claim rather than a document summary, and play-by-play run statuses, task checkboxes, night logs, and review sign-offs produce no records.
B033-021	The coverage matrix maps every corpus file to a destination, an `ephemeral` reason, or `KEEP-IN-PLACE`, and deletion is forbidden if any file has no fate.
B033-022	The target CAS architecture documentation uses `blob`, part manifest, ref, `RefLedger`, mount lease, `server_root_id`, and incarnation token as canonical vocabulary across pages.
B033-024	The CAS corpus consolidation exists because roughly 390 markdown/text files contain both obsolete material and durable contracts, design decisions, bugs, TODOs, and runbook facts that plain deletion would lose.
B033-025	The new CAS documentation set reworks the numbered internal documents `01`–`11` into the architecture section under `docs/en/antalya/cas/`.
B033-034	Routing sends `done` and `rejected` material to `roadmap.md` and BACKLOG strike-throughs, `open` material to the regroomed `BACKLOG.md`, `doc-fact` material to its target page, and `stale` or `ephemeral` material only to the coverage matrix.
B033-038	The final consolidation state keeps the new documentation set, regroomed `BACKLOG.md`, `AGENTS.md`, selected still-actual specifications, all model sources and `*_RESULTS.md`, and only the coverage matrix from the work directory.
B038-030	The CAS source tree follows `Primitives → Formats → Backend → Pool → Gc → Tools ≈ Parts → facade`; `Tools` and `Parts` are siblings with no include edge between them.
B039-173	The cache ownership boundary is `Cas::Store` for protocol, `CasCacheState` for cache mechanics, `CachedPartFolderAccess` for committed part-folder access policy, and `ContentAddressedMetadataStorage` for path semantics.
B040-069	publishCkpt should use const Layout and the plumbed fence-check callback, and the negative overload checks should use a genuinely templated dependent concept before static_assert
B040-111	Every persisted CAS object should document its storage key and owner, body family, magic or no-magic reason, producer and consumers, determinism, versioning, integrity, decoder invariants, and tests
B040-112	cas_format.proto should remain the single normative protobuf file, with its magic table completed for OwnerProto, ServerEpochProto, and MountLeaseProto
B040-178	v3 places all codecs in Core/Formats and forbids Formats from including CasBackend or CasStore; a codec needing a backend does not compile
B043-001	CAS is opt-in per disk through `metadata_type = content_addressed` and coexists with zero-copy replication rather than replacing it.
B043-064	The CA storage layer can be modeled as a generic VFS of named mutable roots, immutable subtrees, immutable blobs, and mutable overlays; MergeTree-specific part semantics should remain in a thin adapter.
B044-038	The user-facing `cas-inspect` JSON key `ns` was renamed to `namespace`, while persisted wire-format `ns` keys remain unchanged.
B046-002	getTypeIndexToTypeName derives system-command SQL text from magic_enum::enum_entries by replacing underscores with spaces, so renaming a command enum constant changes its SQL spelling atomically with the parser and formatter.
B027-096	Relative to merge base `4359a07f088`, the CAS branch was measured at 3060 commits, 1215 files, +486529/−163 lines, including 120 subsystem files and +44000 subsystem lines.
B027-099	Complexity is concentrated in ten functions, including `Gc/CasGc.cpp::fold` at 1044 lines, `Tools/CasFsck.cpp::runFsckImpl` at 507 lines, and `Pool/CasRefLedger.cpp::flushRefBatch` at 570 lines.
B008-097	Phase 5 byte-bounds `manifest_cache`, whose previous bound was 16384 entries with no byte limit and therefore had a multi-GB worst case when decoded manifests contained large inline bytes.
B034-050	Per-part and per-ref `system.*` views plus a top-down decode/traversal surface were still missing even though GC logs, the event log, `content_addressed_mounts`, and the ca-fsck/dryrun/rebuild/ca-inspect tools existed.
B034-106	The numbered CAS documents still describe pre-Stage-A namespace files as `roots/<ns>/_files/<name>` and refs as `cas/refs/<ns>/<shard>`; the documentation sweep should wait until Stage B key shapes settle.
