hostname	event_date	event_time	event_time_microseconds	event_type	disk_name	gc_id	trigger	round	round_id	phase	phase_duration_microseconds	phase_metrics	outcome	entries_condemned	anomalies	error	ProfileEvents
11c69aee3df4	2026-08-04	2026-08-04 11:28:59	2026-08-04 11:28:59.656045	Start	ca	a777b2dee98b6d61e2ce706944c08b5d	Scheduled	0	52c5216dbc5230c21d92d066a2e86375		0	{}	Unknown	0	0		{}
11c69aee3df4	2026-08-04	2026-08-04 11:28:59	2026-08-04 11:28:59.664922	Phase	ca	a777b2dee98b6d61e2ce706944c08b5d	Scheduled	0	52c5216dbc5230c21d92d066a2e86375	lease	8851	{'acquired':1,'steal_allowed':1}	Unknown	0	0		{'CASConditionalWriteAttempts':1,'CASConditionalWriteCommitted':1,'CASGCCompareSwap':1,'CASGCGet':1,'ContextLock':5,'DiskConnectionsPreserved':2,'DiskConnectionsReused':2,'DiskS3GetObject':1,'DiskS3HeadObject':1,'DiskS3ReadMicroseconds':1044,'DiskS3ReadRequestsCount':2,'IOBufferAllocBytes':1053066,'IOBufferAllocs':2,'LocalThreadPoolJobs':1,'LogTrace':3,'MemoryAllocatedWithoutCheck':4,'MemoryAllocatedWithoutCheckBytes':4352,'ReadBufferFromS3Bytes':268,'ReadBufferFromS3InitMicroseconds':735,'ReadBufferFromS3Microseconds':754,'S3GetObject':1,'S3HeadObject':1,'S3ReadMicroseconds':1044,'S3ReadRequestsCount':2,'WriteBufferFromS3Bytes':268}
11c69aee3df4	2026-08-04	2026-08-04 11:28:59	2026-08-04 11:28:59.692241	Phase	ca	a777b2dee98b6d61e2ce706944c08b5d	Scheduled	0	52c5216dbc5230c21d92d066a2e86375	pre_fold_ref_drain	11284	{'deleted':0}	Unknown	0	0		{'CASGCGet':2,'CASOtherGet':1,'ContextLock':12,'DiskConnectionsPreserved':6,'DiskConnectionsReused':6,'DiskS3GetObject':3,'DiskS3HeadObject':3,'DiskS3ReadMicroseconds':10309,'DiskS3ReadRequestsCount':6,'IOBufferAllocBytes':13476,'IOBufferAllocs':3,'MemoryAllocatedWithoutCheck':12,'MemoryAllocatedWithoutCheckBytes':13056,'ReadBufferFromS3Bytes':999,'ReadBufferFromS3InitMicroseconds':1741,'ReadBufferFromS3Microseconds':1756,'S3GetObject':3,'S3HeadObject':3,'S3ReadMicroseconds':10309,'S3ReadRequestsCount':6}
11c69aee3df4	2026-08-04	2026-08-04 11:28:59	2026-08-04 11:28:59.699359	Phase	ca	a777b2dee98b6d61e2ce706944c08b5d	Scheduled	0	52c5216dbc5230c21d92d066a2e86375	heartbeat_floor	7097	{'already_fenced':0,'fenced_now':0,'live':2,'terminated':0}	Unknown	0	0		{'CASGCGet':2,'CASGCList':1,'ContextLock':9,'DiskConnectionsPreserved':4,'DiskConnectionsReused':4,'DiskS3GetObject':2,'DiskS3HeadObject':2,'DiskS3ReadMicroseconds':1137,'DiskS3ReadRequestsCount':4,'GlobalThreadPoolJobs':1,'IOBufferAllocBytes':8694,'IOBufferAllocs':2,'LocalThreadPoolExpansions':1,'LocalThreadPoolJobs':1,'LocalThreadPoolShrinks':1,'LocalThreadPoolThreadCreationMicroseconds':5,'MemoryAllocatedWithoutCheck':8,'MemoryAllocatedWithoutCheckBytes':8704,'ReadBufferFromS3Bytes':376,'ReadBufferFromS3InitMicroseconds':818,'ReadBufferFromS3Microseconds':824,'S3GetObject':2,'S3HeadObject':2,'S3ReadMicroseconds':1137,'S3ReadRequestsCount':4}
11c69aee3df4	2026-08-04	2026-08-04 11:29:52	2026-08-04 11:29:52.963842	Phase	ca	a777b2dee98b6d61e2ce706944c08b5d	Scheduled	0	52c5216dbc5230c21d92d066a2e86375	defer_decision	53264459	{'changed_shards':2,'dead_life_debris':0,'deferred':0,'fold_seal_reads':2,'graduation_due':0,'namespaces_seen':2,'ref_keys_listed':46551,'ref_log_keys_listed':46350,'rounds_deferred_before':0,'walk_plan_builds':1,'walk_plan_dropped_listed_lives':0,'walk_plan_dropped_parent_rows':0,'walk_plan_dropped_tails':0,'walk_plan_rows':2}	Unknown	0	0		{'CASGCEnumerationPages':47,'CASGCGet':2,'CASGCRefWalkPlansBuilt':1,'CASOtherGet':1,'CASRefGlobalListPages':47,'CASRootList':47,'ContextLock':12,'DiskConnectionsPreserved':6,'DiskConnectionsReused':6,'DiskS3GetObject':3,'DiskS3HeadObject':3,'DiskS3ReadMicroseconds':2137,'DiskS3ReadRequestsCount':6,'GlobalThreadPoolJobs':47,'IOBufferAllocBytes':13626,'IOBufferAllocs':3,'LocalThreadPoolExpansions':47,'LocalThreadPoolJobs':138,'LocalThreadPoolLockWaitMicroseconds':15,'LocalThreadPoolShrinks':47,'LocalThreadPoolThreadCreationMicroseconds':216,'MemoryAllocatedWithoutCheck':12,'MemoryAllocatedWithoutCheckBytes':13056,'QueryProfilerRuns':6,'ReadBufferFromS3Bytes':1149,'ReadBufferFromS3InitMicroseconds':1574,'ReadBufferFromS3Microseconds':1584,'S3GetObject':3,'S3HeadObject':3,'S3ReadMicroseconds':2137,'S3ReadRequestsCount':6}
11c69aee3df4	2026-08-04	2026-08-04 11:29:52	2026-08-04 11:29:52.964635	Phase	ca	a777b2dee98b6d61e2ce706944c08b5d	Scheduled	0	52c5216dbc5230c21d92d066a2e86375	parent_seal_read	775	{'parent_runs':1}	Unknown	0	0		{'CASGCGet':1,'ContextLock':4,'DiskConnectionsPreserved':2,'DiskConnectionsReused':2,'DiskS3GetObject':1,'DiskS3HeadObject':1,'DiskS3ReadMicroseconds':570,'DiskS3ReadRequestsCount':2,'IOBufferAllocBytes':4577,'IOBufferAllocs':1,'MemoryAllocatedWithoutCheck':4,'MemoryAllocatedWithoutCheckBytes':4352,'ReadBufferFromS3Bytes':418,'ReadBufferFromS3InitMicroseconds':369,'ReadBufferFromS3Microseconds':373,'S3GetObject':1,'S3HeadObject':1,'S3ReadMicroseconds':570,'S3ReadRequestsCount':2}
11c69aee3df4	2026-08-04	2026-08-04 11:29:52	2026-08-04 11:29:52.967984	Phase	ca	a777b2dee98b6d61e2ce706944c08b5d	Scheduled	0	52c5216dbc5230c21d92d066a2e86375	fold_ref_group	3338	{'namespaces_seen':2,'ref_folding_aborted':0,'ref_keys_listed':46551}	Unknown	0	0		{}
11c69aee3df4	2026-08-04	2026-08-04 11:29:52	2026-08-04 11:29:52.969684	Phase	ca	a777b2dee98b6d61e2ce706944c08b5d	Scheduled	0	52c5216dbc5230c21d92d066a2e86375	fold_seal_read	1686	{'dropped_parent_ref_lives':0,'parent_cleanup_evidence':0,'parent_ref_lives':2,'parent_runs':1,'redundant_reads':1,'seal_reads':2}	Unknown	0	0		{'CASGCGet':2,'ContextLock':8,'DiskConnectionsPreserved':4,'DiskConnectionsReused':4,'DiskS3GetObject':2,'DiskS3HeadObject':2,'DiskS3ReadMicroseconds':1135,'DiskS3ReadRequestsCount':4,'IOBufferAllocBytes':9154,'IOBufferAllocs':2,'MemoryAllocatedWithoutCheck':8,'MemoryAllocatedWithoutCheckBytes':8704,'ReadBufferFromS3Bytes':836,'ReadBufferFromS3InitMicroseconds':862,'ReadBufferFromS3Microseconds':869,'S3GetObject':2,'S3HeadObject':2,'S3ReadMicroseconds':1135,'S3ReadRequestsCount':4}
11c69aee3df4	2026-08-04	2026-08-04 11:33:01	2026-08-04 11:33:01.347280	Phase	ca	a777b2dee98b6d61e2ce706944c08b5d	Scheduled	0	52c5216dbc5230c21d92d066a2e86375	fold_ref_intake	188377576	{'absent_probes':1,'catalog_entries':2,'catalog_only_walked':0,'catalog_proved_empty':0,'dead_precommits_skipped':0,'deltas_emitted':3795674,'epoch_crossings':0,'frontier_namespaces':2,'frontier_proven':1,'frontier_unprobed_budget':0,'logs_accounted':40942,'logs_applied':40942,'namespace_removals':0,'ref_folding_aborted':0,'tables_changed':2,'tables_clamped':1,'tables_held':1,'tables_scanned':2,'tails_advanced':2,'tails_below_cursor':0,'tails_unchanged':0,'transactions_opened':40942,'unhinted_held_walked':0,'unhinted_quiet_walked':0}	Unknown	0	0		{'AsyncLoggingErrorFileLogTotalMessages':1,'AsyncLoggingFileLogTotalMessages':2,'AsyncLoggingTextLogTotalMessages':2,'CASManifestGet':186210,'CASRefEmittedEdges':186210,'CASRefLogBodyGets':40942,'CASRefManifestBodyFoldGets':186210,'CASRootGet':40945,'ContextLock':4702467,'ContextLockWaitMicroseconds':1261,'DiskConnectionsCreated':3699,'DiskConnectionsElapsedMicroseconds':279576,'DiskConnectionsExpired':4731,'DiskConnectionsPreserved':449602,'DiskConnectionsReused':450610,'DiskS3GetObject':227154,'DiskS3HeadObject':227155,'DiskS3ReadMicroseconds':136937462,'DiskS3ReadRequestsCount':454309,'DiskS3ReadRequestsErrors':1,'IOBufferAllocBytes':2772272688,'IOBufferAllocs':227154,'LogDebug':1,'LogError':1,'LoggerElapsedNanoseconds':14810,'MemoryAllocatedWithoutCheck':907041,'MemoryAllocatedWithoutCheckBytes':4705054622,'QueryProfilerRuns':26,'ReadBufferFromS3Bytes':1827539202,'ReadBufferFromS3InitMicroseconds':79001782,'ReadBufferFromS3Microseconds':79680032,'S3GetObject':227154,'S3HeadObject':227155,'S3ReadMicroseconds':136937462,'S3ReadRequestsCount':454309,'S3ReadRequestsErrors':1}
11c69aee3df4	2026-08-04	2026-08-04 11:33:03	2026-08-04 11:33:03.389250	Phase	ca	a777b2dee98b6d61e2ce706944c08b5d	Scheduled	0	52c5216dbc5230c21d92d066a2e86375	fold_reduce	2041866	{'condemned':1679,'deltas_in':3795674,'frontier_complete':0,'graduated':0,'redelete_pending':0,'runs_written':1,'shards_pure_carry':0,'shards_reduced':1,'shards_total':1,'spared':0,'suppress_destructive':1,'transactions_unapplied':0,'unmatched_removes':0}	Unknown	0	0		{'AsyncLoggingErrorFileLogTotalMessages':1,'AsyncLoggingFileLogTotalMessages':1,'AsyncLoggingTextLogTotalMessages':1,'CASBlobHead':1679,'CASConditionalWriteAttempts':1,'CASConditionalWriteCommitted':1,'CASGCClampSuppressedPasses':1,'CASGCGetStream':1,'CASGCPut':1,'CASGCRetiredCondemned':1679,'ContextLock':5042,'DiskConnectionsCreated':46,'DiskConnectionsElapsedMicroseconds':4191,'DiskConnectionsExpired':19,'DiskConnectionsPreserved':1663,'DiskConnectionsReused':1636,'DiskS3CreateMultipartUpload':1,'DiskS3GetObject':1,'DiskS3HeadObject':1680,'DiskS3ReadMicroseconds':883234,'DiskS3ReadRequestsCount':1681,'DiskS3WriteMicroseconds':4228,'DiskS3WriteRequestAttempts':1,'DiskS3WriteRequestsCount':1,'GlobalThreadPoolJobs':8,'IOBufferAllocBytes':68161914,'IOBufferAllocs':6,'LocalThreadPoolExpansions':8,'LocalThreadPoolJobs':1682,'LocalThreadPoolLockWaitMicroseconds':3,'LocalThreadPoolThreadCreationMicroseconds':30,'LogTrace':4,'LogWarning':1,'LoggerElapsedNanoseconds':9600,'MemoryAllocatedWithoutCheck':3436,'MemoryAllocatedWithoutCheckBytes':988943552,'ReadBufferFromS3Bytes':12892463,'ReadBufferFromS3InitMicroseconds':496,'ReadBufferFromS3Microseconds':5128,'S3CreateMultipartUpload':1,'S3GetObject':1,'S3HeadObject':1680,'S3ReadMicroseconds':883234,'S3ReadRequestsCount':1681,'S3WriteMicroseconds':4228,'S3WriteRequestAttempts':1,'S3WriteRequestsCount':1,'WriteBufferFromS3Bytes':51513861,'WriteBufferFromS3Microseconds':4921}
11c69aee3df4	2026-08-04	2026-08-04 11:33:03	2026-08-04 11:33:03.390082	Phase	ca	a777b2dee98b6d61e2ce706944c08b5d	Scheduled	0	52c5216dbc5230c21d92d066a2e86375	fold_seal_write	820	{'seal_bytes':471,'seal_cleanup_evidence':0,'seal_ref_lives':2,'seal_runs':1}	Unknown	0	0		{'CASConditionalWriteAttempts':1,'CASConditionalWriteCommitted':1,'CASGCPut':1,'ContextLock':1,'IOBufferAllocBytes':1048639,'IOBufferAllocs':1,'LocalThreadPoolJobs':1,'LogTrace':3,'WriteBufferFromS3Bytes':471}
11c69aee3df4	2026-08-04	2026-08-04 11:33:03	2026-08-04 11:33:03.392080	Phase	ca	a777b2dee98b6d61e2ce706944c08b5d	Scheduled	0	52c5216dbc5230c21d92d066a2e86375	pending_deletes	2	{'absent':0,'deleted':0,'graduated':0,'outcome_logs_written':0,'redeleted':0,'replaced':0,'spared':0}	Unknown	0	0		{}
11c69aee3df4	2026-08-04	2026-08-04 11:33:03	2026-08-04 11:33:03.392085	Phase	ca	a777b2dee98b6d61e2ce706944c08b5d	Scheduled	0	52c5216dbc5230c21d92d066a2e86375	meta_pool_wait	1	{'jobs_completed':1679,'jobs_completed_on_entry':1679,'jobs_scheduled':1679}	Unknown	0	0		{}
11c69aee3df4	2026-08-04	2026-08-04 11:33:03	2026-08-04 11:33:03.393312	Phase	ca	a777b2dee98b6d61e2ce706944c08b5d	Scheduled	0	52c5216dbc5230c21d92d066a2e86375	round_commit	1223	{'generation':3,'generations_referenced':2,'generations_visited':0,'pruned_through':0,'round':3}	Unknown	0	0		{'CASConditionalWriteAttempts':1,'CASConditionalWriteCommitted':1,'CASGCCompareSwap':1,'ContextLock':1,'IOBufferAllocBytes':1048639,'IOBufferAllocs':1,'LocalThreadPoolJobs':1,'LogTrace':3,'WriteBufferFromS3Bytes':268}
11c69aee3df4	2026-08-04	2026-08-04 11:33:03	2026-08-04 11:33:03.393317	Phase	ca	a777b2dee98b6d61e2ce706944c08b5d	Scheduled	0	52c5216dbc5230c21d92d066a2e86375	handoff_reclaim	1	{'generations_reclaimed':0,'objects_reclaimed':0,'suppressed':1}	Unknown	0	0		{}
11c69aee3df4	2026-08-04	2026-08-04 11:33:03	2026-08-04 11:33:03.393319	Phase	ca	a777b2dee98b6d61e2ce706944c08b5d	Scheduled	0	52c5216dbc5230c21d92d066a2e86375	manifest_deletes	0	{'attempted':0,'deleted':0,'suppressed':1}	Unknown	0	0		{}
11c69aee3df4	2026-08-04	2026-08-04 11:33:03	2026-08-04 11:33:03.676081	Phase	ca	a777b2dee98b6d61e2ce706944c08b5d	Scheduled	0	52c5216dbc5230c21d92d066a2e86375	namespace_cleanup	282740	{'evidence_rows':0,'janitor_deleted':0,'janitor_keys':1000,'janitor_pages':1,'leaked':0}	Unknown	0	0		{'CASGCGet':1,'CASOtherGet':1,'CASRootList':1,'ContextLock':8,'DiskConnectionsPreserved':4,'DiskConnectionsReused':4,'DiskS3GetObject':2,'DiskS3HeadObject':2,'DiskS3ReadMicroseconds':1460,'DiskS3ReadRequestsCount':4,'GlobalThreadPoolJobs':1,'IOBufferAllocBytes':8783,'IOBufferAllocs':2,'LocalThreadPoolExpansions':1,'LocalThreadPoolJobs':3,'LocalThreadPoolLockWaitMicroseconds':2,'LocalThreadPoolShrinks':1,'LocalThreadPoolThreadCreationMicroseconds':4,'MemoryAllocatedWithoutCheck':8,'MemoryAllocatedWithoutCheckBytes':8704,'ReadBufferFromS3Bytes':465,'ReadBufferFromS3InitMicroseconds':994,'ReadBufferFromS3Microseconds':1017,'S3GetObject':2,'S3HeadObject':2,'S3ReadMicroseconds':1460,'S3ReadRequestsCount':4}
11c69aee3df4	2026-08-04	2026-08-04 11:33:03	2026-08-04 11:33:03.676093	Phase	ca	a777b2dee98b6d61e2ce706944c08b5d	Scheduled	0	52c5216dbc5230c21d92d066a2e86375	ref_object_cleanup	1	{'namespaces_planned':2,'suppressed':1,'trim_enabled':1}	Unknown	0	0		{}
11c69aee3df4	2026-08-04	2026-08-04 11:33:03	2026-08-04 11:33:03.676098	Phase	ca	a777b2dee98b6d61e2ce706944c08b5d	Scheduled	0	52c5216dbc5230c21d92d066a2e86375	orphan_sweep	2	{'cursor_advanced':0,'deleted':0,'list_budget_keys':1000,'listed':0,'retained_hold':0,'retained_no_coverage':0,'retained_tail_removal':0,'retained_unconsumed_seal':0,'skipped':0,'suppressed':1}	Unknown	0	0		{}
11c69aee3df4	2026-08-04	2026-08-04 11:33:03	2026-08-04 11:33:03.689228	Finish	ca	a777b2dee98b6d61e2ce706944c08b5d	Scheduled	3	52c5216dbc5230c21d92d066a2e86375		0	{}	Success	1679	1		{'AsyncLoggingErrorFileLogTotalMessages':2,'AsyncLoggingFileLogTotalMessages':3,'AsyncLoggingTextLogTotalMessages':3,'CASBlobHead':1679,'CASConditionalWriteAttempts':5,'CASConditionalWriteCommitted':5,'CASGCClampSuppressedPasses':1,'CASGCCompareSwap':3,'CASGCEnumerationPages':47,'CASGCGet':12,'CASGCGetStream':1,'CASGCList':1,'CASGCPut':2,'CASGCRefWalkPlansBuilt':1,'CASGCRetiredCondemned':1679,'CASManifestGet':186210,'CASOtherGet':3,'CASRefEmittedEdges':186210,'CASRefGlobalListPages':47,'CASRefLogBodyGets':40942,'CASRefManifestBodyFoldGets':186210,'CASRootGet':40945,'CASRootList':48,'ContextLock':4707594,'ContextLockWaitMicroseconds':1261,'DiskConnectionsCreated':3745,'DiskConnectionsElapsedMicroseconds':283767,'DiskConnectionsExpired':4750,'DiskConnectionsPreserved':451295,'DiskConnectionsReused':452276,'DiskS3CreateMultipartUpload':1,'DiskS3GetObject':227170,'DiskS3HeadObject':228850,'DiskS3ReadMicroseconds':137839467,'DiskS3ReadRequestsCount':456020,'DiskS3ReadRequestsErrors':1,'DiskS3WriteMicroseconds':4228,'DiskS3WriteRequestAttempts':1,'DiskS3WriteRequestsCount':1,'GlobalThreadPoolJobs':57,'IOBufferAllocBytes':2844696135,'IOBufferAllocs':227179,'LocalThreadPoolExpansions':57,'LocalThreadPoolJobs':1828,'LocalThreadPoolLockWaitMicroseconds':20,'LocalThreadPoolShrinks':49,'LocalThreadPoolThreadCreationMicroseconds':255,'LogDebug':1,'LogError':1,'LogTrace':16,'LogWarning':1,'LoggerElapsedNanoseconds':24410,'MemoryAllocatedWithoutCheck':910537,'MemoryAllocatedWithoutCheckBytes':5694063454,'QueryProfilerRuns':32,'ReadBufferFromS3Bytes':1840436257,'ReadBufferFromS3InitMicroseconds':79009975,'ReadBufferFromS3Microseconds':79692944,'S3CreateMultipartUpload':1,'S3GetObject':227170,'S3HeadObject':228850,'S3ReadMicroseconds':137839467,'S3ReadRequestsCount':456020,'S3ReadRequestsErrors':1,'S3WriteMicroseconds':4228,'S3WriteRequestAttempts':1,'S3WriteRequestsCount':1,'WriteBufferFromS3Bytes':51514949,'WriteBufferFromS3Microseconds':4921}
11c69aee3df4	2026-08-04	2026-08-04 11:34:03	2026-08-04 11:34:03.016396	Start	ca	a777b2dee98b6d61e2ce706944c08b5d	Scheduled	0	6c696cd55009bbbbcd4a084c8912b336		0	{}	Unknown	0	0		{}
11c69aee3df4	2026-08-04	2026-08-04 11:34:03	2026-08-04 11:34:03.019378	Phase	ca	a777b2dee98b6d61e2ce706944c08b5d	Scheduled	0	6c696cd55009bbbbcd4a084c8912b336	lease	2960	{'acquired':1,'steal_allowed':1}	Unknown	0	0		{'AsyncLoggingFileLogTotalMessages':3,'AsyncLoggingTextLogTotalMessages':3,'CASConditionalWriteAttempts':1,'CASConditionalWriteCommitted':1,'CASGCCompareSwap':1,'CASGCGet':1,'ContextLock':5,'DiskConnectionsPreserved':2,'DiskConnectionsReused':2,'DiskS3GetObject':1,'DiskS3HeadObject':1,'DiskS3ReadMicroseconds':1006,'DiskS3ReadRequestsCount':2,'IOBufferAllocBytes':1053066,'IOBufferAllocs':2,'LocalThreadPoolJobs':1,'LogTrace':3,'LoggerElapsedNanoseconds':11560,'MemoryAllocatedWithoutCheck':8,'MemoryAllocatedWithoutCheckBytes':2168110,'ReadBufferFromS3Bytes':268,'ReadBufferFromS3InitMicroseconds':623,'ReadBufferFromS3Microseconds':628,'S3GetObject':1,'S3HeadObject':1,'S3ReadMicroseconds':1006,'S3ReadRequestsCount':2,'WriteBufferFromS3Bytes':268}
11c69aee3df4	2026-08-04	2026-08-04 11:34:03	2026-08-04 11:34:03.023361	Phase	ca	a777b2dee98b6d61e2ce706944c08b5d	Scheduled	0	6c696cd55009bbbbcd4a084c8912b336	pre_fold_ref_drain	1891	{'deleted':0}	Unknown	0	0		{'CASGCGet':2,'CASOtherGet':1,'ContextLock':12,'DiskConnectionsPreserved':6,'DiskConnectionsReused':6,'DiskS3GetObject':3,'DiskS3HeadObject':3,'DiskS3ReadMicroseconds':1412,'DiskS3ReadRequestsCount':6,'IOBufferAllocBytes':13530,'IOBufferAllocs':3,'MemoryAllocatedWithoutCheck':12,'MemoryAllocatedWithoutCheckBytes':13056,'ReadBufferFromS3Bytes':1053,'ReadBufferFromS3InitMicroseconds':978,'ReadBufferFromS3Microseconds':988,'S3GetObject':3,'S3HeadObject':3,'S3ReadMicroseconds':1412,'S3ReadRequestsCount':6}
11c69aee3df4	2026-08-04	2026-08-04 11:34:03	2026-08-04 11:34:03.025975	Phase	ca	a777b2dee98b6d61e2ce706944c08b5d	Scheduled	0	6c696cd55009bbbbcd4a084c8912b336	heartbeat_floor	2601	{'already_fenced':0,'fenced_now':0,'live':2,'terminated':0}	Unknown	0	0		{'CASGCGet':2,'CASGCList':1,'ContextLock':9,'DiskConnectionsPreserved':4,'DiskConnectionsReused':4,'DiskS3GetObject':2,'DiskS3HeadObject':2,'DiskS3ReadMicroseconds':962,'DiskS3ReadRequestsCount':4,'GlobalThreadPoolJobs':1,'IOBufferAllocBytes':8694,'IOBufferAllocs':2,'LocalThreadPoolExpansions':1,'LocalThreadPoolJobs':1,'LocalThreadPoolShrinks':1,'LocalThreadPoolThreadCreationMicroseconds':3,'MemoryAllocatedWithoutCheck':8,'MemoryAllocatedWithoutCheckBytes':8704,'ReadBufferFromS3Bytes':376,'ReadBufferFromS3InitMicroseconds':701,'ReadBufferFromS3Microseconds':707,'S3GetObject':2,'S3HeadObject':2,'S3ReadMicroseconds':962,'S3ReadRequestsCount':4}
11c69aee3df4	2026-08-04	2026-08-04 11:34:20	2026-08-04 11:34:20.567549	Phase	ca	a777b2dee98b6d61e2ce706944c08b5d	Scheduled	0	6c696cd55009bbbbcd4a084c8912b336	defer_decision	17541552	{'changed_shards':2,'dead_life_debris':0,'deferred':0,'fold_seal_reads':2,'graduation_due':1,'namespaces_seen':2,'ref_keys_listed':58119,'ref_log_keys_listed':57873,'rounds_deferred_before':0,'walk_plan_builds':1,'walk_plan_dropped_listed_lives':0,'walk_plan_dropped_parent_rows':0,'walk_plan_dropped_tails':0,'walk_plan_rows':2}	Unknown	0	0		{'CASGCEnumerationPages':59,'CASGCGet':2,'CASGCRefWalkPlansBuilt':1,'CASOtherGet':1,'CASRefGlobalListPages':59,'CASRootList':59,'ContextLock':12,'DiskConnectionsPreserved':6,'DiskConnectionsReused':6,'DiskS3GetObject':3,'DiskS3HeadObject':3,'DiskS3ReadMicroseconds':1597,'DiskS3ReadRequestsCount':6,'GlobalThreadPoolJobs':59,'IOBufferAllocBytes':13734,'IOBufferAllocs':3,'LocalThreadPoolExpansions':59,'LocalThreadPoolJobs':174,'LocalThreadPoolLockWaitMicroseconds':28,'LocalThreadPoolShrinks':59,'LocalThreadPoolThreadCreationMicroseconds':205,'MemoryAllocatedWithoutCheck':12,'MemoryAllocatedWithoutCheckBytes':13056,'QueryProfilerRuns':1,'ReadBufferFromS3Bytes':1257,'ReadBufferFromS3InitMicroseconds':1154,'ReadBufferFromS3Microseconds':1164,'S3GetObject':3,'S3HeadObject':3,'S3ReadMicroseconds':1597,'S3ReadRequestsCount':6}
11c69aee3df4	2026-08-04	2026-08-04 11:34:20	2026-08-04 11:34:20.568058	Phase	ca	a777b2dee98b6d61e2ce706944c08b5d	Scheduled	0	6c696cd55009bbbbcd4a084c8912b336	parent_seal_read	497	{'parent_runs':1}	Unknown	0	0		{'CASGCGet':1,'ContextLock':4,'DiskConnectionsPreserved':2,'DiskConnectionsReused':2,'DiskS3GetObject':1,'DiskS3HeadObject':1,'DiskS3ReadMicroseconds':355,'DiskS3ReadRequestsCount':2,'IOBufferAllocBytes':4631,'IOBufferAllocs':1,'MemoryAllocatedWithoutCheck':4,'MemoryAllocatedWithoutCheckBytes':4352,'ReadBufferFromS3Bytes':472,'ReadBufferFromS3InitMicroseconds':232,'ReadBufferFromS3Microseconds':233,'S3GetObject':1,'S3HeadObject':1,'S3ReadMicroseconds':355,'S3ReadRequestsCount':2}
11c69aee3df4	2026-08-04	2026-08-04 11:34:20	2026-08-04 11:34:20.571361	Phase	ca	a777b2dee98b6d61e2ce706944c08b5d	Scheduled	0	6c696cd55009bbbbcd4a084c8912b336	fold_ref_group	3299	{'namespaces_seen':2,'ref_folding_aborted':0,'ref_keys_listed':58119}	Unknown	0	0		{}
11c69aee3df4	2026-08-04	2026-08-04 11:34:20	2026-08-04 11:34:20.572471	Phase	ca	a777b2dee98b6d61e2ce706944c08b5d	Scheduled	0	6c696cd55009bbbbcd4a084c8912b336	fold_seal_read	1106	{'dropped_parent_ref_lives':0,'parent_cleanup_evidence':0,'parent_ref_lives':2,'parent_runs':1,'redundant_reads':1,'seal_reads':2}	Unknown	0	0		{'CASGCGet':2,'ContextLock':8,'DiskConnectionsPreserved':4,'DiskConnectionsReused':4,'DiskS3GetObject':2,'DiskS3HeadObject':2,'DiskS3ReadMicroseconds':849,'DiskS3ReadRequestsCount':4,'IOBufferAllocBytes':9262,'IOBufferAllocs':2,'MemoryAllocatedWithoutCheck':8,'MemoryAllocatedWithoutCheckBytes':8704,'ReadBufferFromS3Bytes':944,'ReadBufferFromS3InitMicroseconds':574,'ReadBufferFromS3Microseconds':577,'S3GetObject':2,'S3HeadObject':2,'S3ReadMicroseconds':849,'S3ReadRequestsCount':4}
11c69aee3df4	2026-08-04	2026-08-04 11:34:26	2026-08-04 11:34:26.614009	Phase	ca	a777b2dee98b6d61e2ce706944c08b5d	Scheduled	0	6c696cd55009bbbbcd4a084c8912b336	fold_ref_intake	6041519	{'absent_probes':1,'catalog_entries':2,'catalog_only_walked':0,'catalog_proved_empty':0,'dead_precommits_skipped':0,'deltas_emitted':133004,'epoch_crossings':0,'frontier_namespaces':2,'frontier_proven':1,'frontier_unprobed_budget':0,'logs_accounted':213,'logs_applied':213,'namespace_removals':0,'ref_folding_aborted':0,'tables_changed':1,'tables_clamped':1,'tables_held':1,'tables_scanned':2,'tails_advanced':1,'tails_below_cursor':0,'tails_unchanged':0,'transactions_opened':213,'unhinted_held_walked':0,'unhinted_quiet_walked':0}	Unknown	0	0		{'AsyncLoggingErrorFileLogTotalMessages':1,'AsyncLoggingFileLogTotalMessages':2,'AsyncLoggingTextLogTotalMessages':2,'CASManifestGet':10849,'CASRefEmittedEdges':10849,'CASRefLogBodyGets':213,'CASRefManifestBodyFoldGets':10849,'CASRootGet':216,'ContextLock':177261,'ContextLockWaitMicroseconds':24,'DiskConnectionsCreated':201,'DiskConnectionsElapsedMicroseconds':14997,'DiskConnectionsExpired':290,'DiskConnectionsPreserved':21839,'DiskConnectionsReused':21928,'DiskS3GetObject':11064,'DiskS3HeadObject':11065,'DiskS3ReadMicroseconds':3979445,'DiskS3ReadRequestsCount':22129,'DiskS3ReadRequestsErrors':1,'IOBufferAllocBytes':83094516,'IOBufferAllocs':11064,'LogDebug':1,'LogError':1,'LoggerElapsedNanoseconds':14820,'MemoryAllocatedWithoutCheck':44095,'MemoryAllocatedWithoutCheckBytes':175495872,'QueryProfilerRuns':1,'ReadBufferFromS3Bytes':37079340,'ReadBufferFromS3InitMicroseconds':2946242,'ReadBufferFromS3Microseconds':2968556,'S3GetObject':11064,'S3HeadObject':11065,'S3ReadMicroseconds':3979445,'S3ReadRequestsCount':22129,'S3ReadRequestsErrors':1}
11c69aee3df4	2026-08-04	2026-08-04 11:34:29	2026-08-04 11:34:29.024740	Phase	ca	a777b2dee98b6d61e2ce706944c08b5d	Scheduled	0	6c696cd55009bbbbcd4a084c8912b336	fold_reduce	2410662	{'condemned':5556,'deltas_in':133004,'frontier_complete':0,'graduated':0,'redelete_pending':0,'runs_written':1,'shards_pure_carry':0,'shards_reduced':1,'shards_total':1,'spared':0,'suppress_destructive':1,'transactions_unapplied':0,'unmatched_removes':0}	Unknown	0	0		{'AsyncLoggingErrorFileLogTotalMessages':1,'AsyncLoggingFileLogTotalMessages':1,'AsyncLoggingTextLogTotalMessages':1,'CASBlobHead':5556,'CASConditionalWriteAttempts':1,'CASConditionalWriteCommitted':1,'CASGCClampSuppressedPasses':1,'CASGCGetStream':1,'CASGCPut':1,'CASGCRetiredCondemned':5556,'ContextLock':16673,'ContextLockWaitMicroseconds':23,'DiskConnectionsCreated':90,'DiskConnectionsElapsedMicroseconds':6820,'DiskConnectionsExpired':57,'DiskConnectionsPreserved':5502,'DiskConnectionsReused':5469,'DiskS3CreateMultipartUpload':1,'DiskS3GetObject':1,'DiskS3HeadObject':5557,'DiskS3ReadMicroseconds':1171522,'DiskS3ReadRequestsCount':5558,'DiskS3WriteMicroseconds':696,'DiskS3WriteRequestAttempts':1,'DiskS3WriteRequestsCount':1,'GlobalThreadPoolJobs':2,'IOBufferAllocBytes':51384635,'IOBufferAllocs':5,'LocalThreadPoolExpansions':2,'LocalThreadPoolJobs':5558,'LocalThreadPoolThreadCreationMicroseconds':9,'LogTrace':4,'LogWarning':1,'LoggerElapsedNanoseconds':12150,'MemoryAllocatedWithoutCheck':11202,'MemoryAllocatedWithoutCheckBytes':518995584,'ReadBufferFromS3Bytes':50646950,'ReadBufferFromS3InitMicroseconds':363,'ReadBufferFromS3Microseconds':14798,'S3CreateMultipartUpload':1,'S3GetObject':1,'S3HeadObject':5557,'S3ReadMicroseconds':1171522,'S3ReadRequestsCount':5558,'S3WriteMicroseconds':696,'S3WriteRequestAttempts':1,'S3WriteRequestsCount':1,'WriteBufferFromS3Bytes':47622595,'WriteBufferFromS3Microseconds':947}
11c69aee3df4	2026-08-04	2026-08-04 11:34:29	2026-08-04 11:34:29.025635	Phase	ca	a777b2dee98b6d61e2ce706944c08b5d	Scheduled	0	6c696cd55009bbbbcd4a084c8912b336	fold_seal_write	878	{'seal_bytes':472,'seal_cleanup_evidence':0,'seal_ref_lives':2,'seal_runs':1}	Unknown	0	0		{'CASConditionalWriteAttempts':1,'CASConditionalWriteCommitted':1,'CASGCPut':1,'ContextLock':1,'IOBufferAllocBytes':1048639,'IOBufferAllocs':1,'LocalThreadPoolJobs':1,'LogTrace':3,'WriteBufferFromS3Bytes':472}
11c69aee3df4	2026-08-04	2026-08-04 11:34:29	2026-08-04 11:34:29.025677	Phase	ca	a777b2dee98b6d61e2ce706944c08b5d	Scheduled	0	6c696cd55009bbbbcd4a084c8912b336	pending_deletes	2	{'absent':0,'deleted':0,'graduated':0,'outcome_logs_written':0,'redeleted':0,'replaced':0,'spared':0}	Unknown	0	0		{}
11c69aee3df4	2026-08-04	2026-08-04 11:34:29	2026-08-04 11:34:29.025681	Phase	ca	a777b2dee98b6d61e2ce706944c08b5d	Scheduled	0	6c696cd55009bbbbcd4a084c8912b336	meta_pool_wait	1	{'jobs_completed':5556,'jobs_completed_on_entry':5556,'jobs_scheduled':5556}	Unknown	0	0		{}
11c69aee3df4	2026-08-04	2026-08-04 11:34:29	2026-08-04 11:34:29.026856	Phase	ca	a777b2dee98b6d61e2ce706944c08b5d	Scheduled	0	6c696cd55009bbbbcd4a084c8912b336	round_commit	1171	{'generation':5,'generations_referenced':2,'generations_visited':0,'pruned_through':0,'round':5}	Unknown	0	0		{'CASConditionalWriteAttempts':1,'CASConditionalWriteCommitted':1,'CASGCCompareSwap':1,'ContextLock':1,'IOBufferAllocBytes':1048639,'IOBufferAllocs':1,'LocalThreadPoolJobs':1,'LogTrace':3,'WriteBufferFromS3Bytes':268}
11c69aee3df4	2026-08-04	2026-08-04 11:34:29	2026-08-04 11:34:29.026862	Phase	ca	a777b2dee98b6d61e2ce706944c08b5d	Scheduled	0	6c696cd55009bbbbcd4a084c8912b336	handoff_reclaim	1	{'generations_reclaimed':0,'objects_reclaimed':0,'suppressed':1}	Unknown	0	0		{}
11c69aee3df4	2026-08-04	2026-08-04 11:34:29	2026-08-04 11:34:29.026864	Phase	ca	a777b2dee98b6d61e2ce706944c08b5d	Scheduled	0	6c696cd55009bbbbcd4a084c8912b336	manifest_deletes	0	{'attempted':0,'deleted':0,'suppressed':1}	Unknown	0	0		{}
11c69aee3df4	2026-08-04	2026-08-04 11:34:29	2026-08-04 11:34:29.314188	Phase	ca	a777b2dee98b6d61e2ce706944c08b5d	Scheduled	0	6c696cd55009bbbbcd4a084c8912b336	namespace_cleanup	287307	{'evidence_rows':0,'janitor_deleted':0,'janitor_keys':1000,'janitor_pages':1,'leaked':0}	Unknown	0	0		{'CASGCGet':1,'CASOtherGet':1,'CASRootList':1,'ContextLock':8,'DiskConnectionsPreserved':4,'DiskConnectionsReused':4,'DiskS3GetObject':2,'DiskS3HeadObject':2,'DiskS3ReadMicroseconds':1494,'DiskS3ReadRequestsCount':4,'GlobalThreadPoolJobs':1,'IOBufferAllocBytes':8783,'IOBufferAllocs':2,'LocalThreadPoolExpansions':1,'LocalThreadPoolJobs':3,'LocalThreadPoolShrinks':1,'LocalThreadPoolThreadCreationMicroseconds':4,'MemoryAllocatedWithoutCheck':8,'MemoryAllocatedWithoutCheckBytes':8704,'ReadBufferFromS3Bytes':465,'ReadBufferFromS3InitMicroseconds':923,'ReadBufferFromS3Microseconds':937,'S3GetObject':2,'S3HeadObject':2,'S3ReadMicroseconds':1494,'S3ReadRequestsCount':4}
11c69aee3df4	2026-08-04	2026-08-04 11:34:29	2026-08-04 11:34:29.314195	Phase	ca	a777b2dee98b6d61e2ce706944c08b5d	Scheduled	0	6c696cd55009bbbbcd4a084c8912b336	ref_object_cleanup	1	{'namespaces_planned':2,'suppressed':1,'trim_enabled':1}	Unknown	0	0		{}
11c69aee3df4	2026-08-04	2026-08-04 11:34:29	2026-08-04 11:34:29.314199	Phase	ca	a777b2dee98b6d61e2ce706944c08b5d	Scheduled	0	6c696cd55009bbbbcd4a084c8912b336	orphan_sweep	2	{'cursor_advanced':0,'deleted':0,'list_budget_keys':1000,'listed':0,'retained_hold':0,'retained_no_coverage':0,'retained_tail_removal':0,'retained_unconsumed_seal':0,'skipped':0,'suppressed':1}	Unknown	0	0		{}
11c69aee3df4	2026-08-04	2026-08-04 11:34:29	2026-08-04 11:34:29.317172	Finish	ca	a777b2dee98b6d61e2ce706944c08b5d	Scheduled	5	6c696cd55009bbbbcd4a084c8912b336		0	{}	Success	5556	1		{'AsyncLoggingErrorFileLogTotalMessages':2,'AsyncLoggingFileLogTotalMessages':6,'AsyncLoggingTextLogTotalMessages':6,'CASBlobHead':5556,'CASConditionalWriteAttempts':5,'CASConditionalWriteCommitted':5,'CASGCClampSuppressedPasses':1,'CASGCCompareSwap':3,'CASGCEnumerationPages':59,'CASGCGet':12,'CASGCGetStream':1,'CASGCList':1,'CASGCPut':2,'CASGCRefWalkPlansBuilt':1,'CASGCRetiredCondemned':5556,'CASManifestGet':10849,'CASOtherGet':3,'CASRefEmittedEdges':10849,'CASRefGlobalListPages':59,'CASRefLogBodyGets':213,'CASRefManifestBodyFoldGets':10849,'CASRootGet':216,'CASRootList':60,'ContextLock':194019,'ContextLockWaitMicroseconds':47,'DiskConnectionsCreated':291,'DiskConnectionsElapsedMicroseconds':21817,'DiskConnectionsExpired':347,'DiskConnectionsPreserved':27371,'DiskConnectionsReused':27427,'DiskS3CreateMultipartUpload':1,'DiskS3GetObject':11080,'DiskS3HeadObject':16637,'DiskS3ReadMicroseconds':5159371,'DiskS3ReadRequestsCount':27717,'DiskS3ReadRequestsErrors':1,'DiskS3WriteMicroseconds':696,'DiskS3WriteRequestAttempts':1,'DiskS3WriteRequestsCount':1,'GlobalThreadPoolJobs':63,'IOBufferAllocBytes':138741008,'IOBufferAllocs':11088,'LocalThreadPoolExpansions':63,'LocalThreadPoolJobs':5740,'LocalThreadPoolLockWaitMicroseconds':28,'LocalThreadPoolShrinks':61,'LocalThreadPoolThreadCreationMicroseconds':221,'LogDebug':1,'LogError':1,'LogTrace':16,'LogWarning':1,'LoggerElapsedNanoseconds':38530,'MemoryAllocatedWithoutCheck':55361,'MemoryAllocatedWithoutCheckBytes':696720494,'QueryProfilerRuns':2,'ReadBufferFromS3Bytes':87731206,'ReadBufferFromS3InitMicroseconds':2952208,'ReadBufferFromS3Microseconds':2989011,'S3CreateMultipartUpload':1,'S3GetObject':11080,'S3HeadObject':16637,'S3ReadMicroseconds':5159371,'S3ReadRequestsCount':27717,'S3ReadRequestsErrors':1,'S3WriteMicroseconds':696,'S3WriteRequestAttempts':1,'S3WriteRequestsCount':1,'WriteBufferFromS3Bytes':47623684,'WriteBufferFromS3Microseconds':947}
11c69aee3df4	2026-08-04	2026-08-04 11:33:13	2026-08-04 11:33:13.689338	Start	ca	a777b2dee98b6d61e2ce706944c08b5d	Scheduled	0	972ac3c2ad4e9d45f7262bbf3fea5490		0	{}	Unknown	0	0		{}
11c69aee3df4	2026-08-04	2026-08-04 11:33:13	2026-08-04 11:33:13.692183	Phase	ca	a777b2dee98b6d61e2ce706944c08b5d	Scheduled	0	972ac3c2ad4e9d45f7262bbf3fea5490	lease	2828	{'acquired':1,'steal_allowed':1}	Unknown	0	0		{'CASConditionalWriteAttempts':1,'CASConditionalWriteCommitted':1,'CASGCCompareSwap':1,'CASGCGet':1,'ContextLock':5,'DiskConnectionsPreserved':2,'DiskConnectionsReused':2,'DiskS3GetObject':1,'DiskS3HeadObject':1,'DiskS3ReadMicroseconds':1090,'DiskS3ReadRequestsCount':2,'IOBufferAllocBytes':1053066,'IOBufferAllocs':2,'LocalThreadPoolJobs':1,'LogTrace':3,'MemoryAllocatedWithoutCheck':4,'MemoryAllocatedWithoutCheckBytes':4352,'ReadBufferFromS3Bytes':268,'ReadBufferFromS3InitMicroseconds':500,'ReadBufferFromS3Microseconds':506,'S3GetObject':1,'S3HeadObject':1,'S3ReadMicroseconds':1090,'S3ReadRequestsCount':2,'WriteBufferFromS3Bytes':268}
11c69aee3df4	2026-08-04	2026-08-04 11:33:13	2026-08-04 11:33:13.695210	Phase	ca	a777b2dee98b6d61e2ce706944c08b5d	Scheduled	0	972ac3c2ad4e9d45f7262bbf3fea5490	pre_fold_ref_drain	1661	{'deleted':0}	Unknown	0	0		{'CASGCGet':2,'CASOtherGet':1,'ContextLock':12,'DiskConnectionsPreserved':6,'DiskConnectionsReused':6,'DiskS3GetObject':3,'DiskS3HeadObject':3,'DiskS3ReadMicroseconds':1219,'DiskS3ReadRequestsCount':6,'IOBufferAllocBytes':13529,'IOBufferAllocs':3,'MemoryAllocatedWithoutCheck':12,'MemoryAllocatedWithoutCheckBytes':13056,'ReadBufferFromS3Bytes':1052,'ReadBufferFromS3InitMicroseconds':873,'ReadBufferFromS3Microseconds':880,'S3GetObject':3,'S3HeadObject':3,'S3ReadMicroseconds':1219,'S3ReadRequestsCount':6}
11c69aee3df4	2026-08-04	2026-08-04 11:33:13	2026-08-04 11:33:13.697693	Phase	ca	a777b2dee98b6d61e2ce706944c08b5d	Scheduled	0	972ac3c2ad4e9d45f7262bbf3fea5490	heartbeat_floor	2472	{'already_fenced':0,'fenced_now':0,'live':2,'terminated':0}	Unknown	0	0		{'CASGCGet':2,'CASGCList':1,'ContextLock':9,'DiskConnectionsPreserved':4,'DiskConnectionsReused':4,'DiskS3GetObject':2,'DiskS3HeadObject':2,'DiskS3ReadMicroseconds':848,'DiskS3ReadRequestsCount':4,'GlobalThreadPoolJobs':1,'IOBufferAllocBytes':8694,'IOBufferAllocs':2,'LocalThreadPoolExpansions':1,'LocalThreadPoolJobs':1,'LocalThreadPoolShrinks':1,'LocalThreadPoolThreadCreationMicroseconds':4,'MemoryAllocatedWithoutCheck':8,'MemoryAllocatedWithoutCheckBytes':8704,'ReadBufferFromS3Bytes':376,'ReadBufferFromS3InitMicroseconds':653,'ReadBufferFromS3Microseconds':657,'S3GetObject':2,'S3HeadObject':2,'S3ReadMicroseconds':848,'S3ReadRequestsCount':4}
11c69aee3df4	2026-08-04	2026-08-04 11:33:29	2026-08-04 11:33:29.371708	Phase	ca	a777b2dee98b6d61e2ce706944c08b5d	Scheduled	0	972ac3c2ad4e9d45f7262bbf3fea5490	defer_decision	15673981	{'changed_shards':2,'dead_life_debris':0,'deferred':0,'fold_seal_reads':2,'graduation_due':1,'namespaces_seen':2,'ref_keys_listed':57799,'ref_log_keys_listed':57555,'rounds_deferred_before':0,'walk_plan_builds':1,'walk_plan_dropped_listed_lives':0,'walk_plan_dropped_parent_rows':0,'walk_plan_dropped_tails':0,'walk_plan_rows':2}	Unknown	0	0		{'CASGCEnumerationPages':58,'CASGCGet':2,'CASGCRefWalkPlansBuilt':1,'CASOtherGet':1,'CASRefGlobalListPages':58,'CASRootList':58,'ContextLock':12,'DiskConnectionsPreserved':6,'DiskConnectionsReused':6,'DiskS3GetObject':3,'DiskS3HeadObject':3,'DiskS3ReadMicroseconds':2397,'DiskS3ReadRequestsCount':6,'GlobalThreadPoolJobs':58,'IOBufferAllocBytes':13732,'IOBufferAllocs':3,'LocalThreadPoolExpansions':58,'LocalThreadPoolJobs':171,'LocalThreadPoolLockWaitMicroseconds':30,'LocalThreadPoolShrinks':58,'LocalThreadPoolThreadCreationMicroseconds':217,'MemoryAllocatedWithoutCheck':12,'MemoryAllocatedWithoutCheckBytes':13056,'QueryProfilerRuns':1,'ReadBufferFromS3Bytes':1255,'ReadBufferFromS3InitMicroseconds':1684,'ReadBufferFromS3Microseconds':1702,'S3GetObject':3,'S3HeadObject':3,'S3ReadMicroseconds':2397,'S3ReadRequestsCount':6}
11c69aee3df4	2026-08-04	2026-08-04 11:33:29	2026-08-04 11:33:29.372614	Phase	ca	a777b2dee98b6d61e2ce706944c08b5d	Scheduled	0	972ac3c2ad4e9d45f7262bbf3fea5490	parent_seal_read	883	{'parent_runs':1}	Unknown	0	0		{'CASGCGet':1,'ContextLock':4,'DiskConnectionsPreserved':2,'DiskConnectionsReused':2,'DiskS3GetObject':1,'DiskS3HeadObject':1,'DiskS3ReadMicroseconds':613,'DiskS3ReadRequestsCount':2,'IOBufferAllocBytes':4630,'IOBufferAllocs':1,'MemoryAllocatedWithoutCheck':4,'MemoryAllocatedWithoutCheckBytes':4352,'ReadBufferFromS3Bytes':471,'ReadBufferFromS3InitMicroseconds':445,'ReadBufferFromS3Microseconds':451,'S3GetObject':1,'S3HeadObject':1,'S3ReadMicroseconds':613,'S3ReadRequestsCount':2}
11c69aee3df4	2026-08-04	2026-08-04 11:33:29	2026-08-04 11:33:29.376626	Phase	ca	a777b2dee98b6d61e2ce706944c08b5d	Scheduled	0	972ac3c2ad4e9d45f7262bbf3fea5490	fold_ref_group	4004	{'namespaces_seen':2,'ref_folding_aborted':0,'ref_keys_listed':57799}	Unknown	0	0		{}
11c69aee3df4	2026-08-04	2026-08-04 11:33:29	2026-08-04 11:33:29.378924	Phase	ca	a777b2dee98b6d61e2ce706944c08b5d	Scheduled	0	972ac3c2ad4e9d45f7262bbf3fea5490	fold_seal_read	2281	{'dropped_parent_ref_lives':0,'parent_cleanup_evidence':0,'parent_ref_lives':2,'parent_runs':1,'redundant_reads':1,'seal_reads':2}	Unknown	0	0		{'CASGCGet':2,'ContextLock':8,'DiskConnectionsPreserved':4,'DiskConnectionsReused':4,'DiskS3GetObject':2,'DiskS3HeadObject':2,'DiskS3ReadMicroseconds':1525,'DiskS3ReadRequestsCount':4,'IOBufferAllocBytes':9260,'IOBufferAllocs':2,'MemoryAllocatedWithoutCheck':8,'MemoryAllocatedWithoutCheckBytes':8704,'ReadBufferFromS3Bytes':942,'ReadBufferFromS3InitMicroseconds':1122,'ReadBufferFromS3Microseconds':1136,'S3GetObject':2,'S3HeadObject':2,'S3ReadMicroseconds':1525,'S3ReadRequestsCount':4}
11c69aee3df4	2026-08-04	2026-08-04 11:33:48	2026-08-04 11:33:48.666736	Phase	ca	a777b2dee98b6d61e2ce706944c08b5d	Scheduled	0	972ac3c2ad4e9d45f7262bbf3fea5490	fold_ref_intake	19287789	{'absent_probes':1,'catalog_entries':2,'catalog_only_walked':0,'catalog_proved_empty':0,'dead_precommits_skipped':0,'deltas_emitted':404322,'epoch_crossings':0,'frontier_namespaces':2,'frontier_proven':1,'frontier_unprobed_budget':0,'logs_accounted':4736,'logs_applied':4736,'namespace_removals':0,'ref_folding_aborted':0,'tables_changed':1,'tables_clamped':1,'tables_held':1,'tables_scanned':2,'tails_advanced':1,'tails_below_cursor':0,'tails_unchanged':0,'transactions_opened':4736,'unhinted_held_walked':0,'unhinted_quiet_walked':0}	Unknown	0	0		{'AsyncLoggingErrorFileLogTotalMessages':1,'AsyncLoggingFileLogTotalMessages':2,'AsyncLoggingTextLogTotalMessages':2,'CASManifestGet':26264,'CASRefEmittedEdges':26264,'CASRefLogBodyGets':4736,'CASRefManifestBodyFoldGets':26264,'CASRootGet':4739,'ContextLock':528003,'ContextLockWaitMicroseconds':207,'DiskConnectionsCreated':554,'DiskConnectionsElapsedMicroseconds':42172,'DiskConnectionsExpired':657,'DiskConnectionsPreserved':61348,'DiskConnectionsReused':61451,'DiskS3GetObject':31002,'DiskS3HeadObject':31003,'DiskS3ReadMicroseconds':13113434,'DiskS3ReadRequestsCount':62005,'DiskS3ReadRequestsErrors':1,'IOBufferAllocBytes':280234097,'IOBufferAllocs':31002,'LogDebug':1,'LogError':1,'LoggerElapsedNanoseconds':17040,'MemoryAllocatedWithoutCheck':123855,'MemoryAllocatedWithoutCheckBytes':538415328,'QueryProfilerRuns':3,'ReadBufferFromS3Bytes':151296779,'ReadBufferFromS3InitMicroseconds':9564494,'ReadBufferFromS3Microseconds':9637431,'S3GetObject':31002,'S3HeadObject':31003,'S3ReadMicroseconds':13113434,'S3ReadRequestsCount':62005,'S3ReadRequestsErrors':1}
11c69aee3df4	2026-08-04	2026-08-04 11:33:52	2026-08-04 11:33:52.714827	Phase	ca	a777b2dee98b6d61e2ce706944c08b5d	Scheduled	0	972ac3c2ad4e9d45f7262bbf3fea5490	fold_reduce	4047875	{'condemned':9927,'deltas_in':404322,'frontier_complete':0,'graduated':0,'redelete_pending':0,'runs_written':1,'shards_pure_carry':0,'shards_reduced':1,'shards_total':1,'spared':363,'suppress_destructive':1,'transactions_unapplied':0,'unmatched_removes':0}	Unknown	0	0		{'AsyncLoggingErrorFileLogTotalMessages':1,'AsyncLoggingFileLogTotalMessages':1,'AsyncLoggingTextLogTotalMessages':1,'CASBlobHead':10638,'CASConditionalWriteAttempts':1,'CASConditionalWriteCommitted':1,'CASGCClampSuppressedPasses':1,'CASGCGetStream':1,'CASGCPut':1,'CASGCRetiredCondemned':9927,'ContextLock':29786,'ContextLockWaitMicroseconds':37,'DiskConnectionsCreated':107,'DiskConnectionsElapsedMicroseconds':8350,'DiskConnectionsExpired':107,'DiskConnectionsPreserved':10534,'DiskConnectionsReused':10534,'DiskS3CreateMultipartUpload':1,'DiskS3GetObject':1,'DiskS3HeadObject':10639,'DiskS3ReadMicroseconds':2264112,'DiskS3ReadRequestsCount':10640,'DiskS3WriteMicroseconds':956,'DiskS3WriteRequestAttempts':1,'DiskS3WriteRequestsCount':1,'GlobalThreadPoolJobs':6,'IOBufferAllocBytes':68161914,'IOBufferAllocs':6,'LocalThreadPoolExpansions':6,'LocalThreadPoolJobs':9930,'LocalThreadPoolLockWaitMicroseconds':6,'LocalThreadPoolThreadCreationMicroseconds':41,'LogTrace':4,'LogWarning':1,'LoggerElapsedNanoseconds':11590,'MemoryAllocatedWithoutCheck':21300,'MemoryAllocatedWithoutCheckBytes':565671008,'QueryProfilerRuns':1,'ReadBufferFromS3Bytes':51513861,'ReadBufferFromS3InitMicroseconds':478,'ReadBufferFromS3Microseconds':14116,'S3CreateMultipartUpload':1,'S3GetObject':1,'S3HeadObject':10639,'S3ReadMicroseconds':2264112,'S3ReadRequestsCount':10640,'S3WriteMicroseconds':956,'S3WriteRequestAttempts':1,'S3WriteRequestsCount':1,'WriteBufferFromS3Bytes':50646950,'WriteBufferFromS3Microseconds':1221}
11c69aee3df4	2026-08-04	2026-08-04 11:33:52	2026-08-04 11:33:52.715647	Phase	ca	a777b2dee98b6d61e2ce706944c08b5d	Scheduled	0	972ac3c2ad4e9d45f7262bbf3fea5490	fold_seal_write	810	{'seal_bytes':472,'seal_cleanup_evidence':0,'seal_ref_lives':2,'seal_runs':1}	Unknown	0	0		{'CASConditionalWriteAttempts':1,'CASConditionalWriteCommitted':1,'CASGCPut':1,'ContextLock':1,'IOBufferAllocBytes':1048639,'IOBufferAllocs':1,'LocalThreadPoolJobs':1,'LogTrace':3,'WriteBufferFromS3Bytes':472}
11c69aee3df4	2026-08-04	2026-08-04 11:33:52	2026-08-04 11:33:52.717438	Phase	ca	a777b2dee98b6d61e2ce706944c08b5d	Scheduled	0	972ac3c2ad4e9d45f7262bbf3fea5490	pending_deletes	1479	{'absent':0,'deleted':0,'graduated':0,'outcome_logs_written':1,'redeleted':0,'replaced':0,'spared':363}	Unknown	0	0		{'CASConditionalWriteAttempts':1,'CASConditionalWriteCommitted':1,'CASGCPut':1,'CASGCRetiredSpared':363,'ContextLock':364,'IOBufferAllocBytes':1048639,'IOBufferAllocs':1,'LocalThreadPoolJobs':1,'LogTrace':3,'WriteBufferFromS3Bytes':13199}
11c69aee3df4	2026-08-04	2026-08-04 11:33:52	2026-08-04 11:33:52.717442	Phase	ca	a777b2dee98b6d61e2ce706944c08b5d	Scheduled	0	972ac3c2ad4e9d45f7262bbf3fea5490	meta_pool_wait	1	{'jobs_completed':9927,'jobs_completed_on_entry':9927,'jobs_scheduled':9927}	Unknown	0	0		{}
11c69aee3df4	2026-08-04	2026-08-04 11:33:52	2026-08-04 11:33:52.718423	Phase	ca	a777b2dee98b6d61e2ce706944c08b5d	Scheduled	0	972ac3c2ad4e9d45f7262bbf3fea5490	round_commit	979	{'generation':4,'generations_referenced':2,'generations_visited':0,'pruned_through':0,'round':4}	Unknown	0	0		{'CASConditionalWriteAttempts':1,'CASConditionalWriteCommitted':1,'CASGCCompareSwap':1,'ContextLock':1,'IOBufferAllocBytes':1048639,'IOBufferAllocs':1,'LocalThreadPoolJobs':1,'LogTrace':3,'WriteBufferFromS3Bytes':268}
11c69aee3df4	2026-08-04	2026-08-04 11:33:52	2026-08-04 11:33:52.718426	Phase	ca	a777b2dee98b6d61e2ce706944c08b5d	Scheduled	0	972ac3c2ad4e9d45f7262bbf3fea5490	handoff_reclaim	1	{'generations_reclaimed':0,'objects_reclaimed':0,'suppressed':1}	Unknown	0	0		{}
11c69aee3df4	2026-08-04	2026-08-04 11:33:52	2026-08-04 11:33:52.718428	Phase	ca	a777b2dee98b6d61e2ce706944c08b5d	Scheduled	0	972ac3c2ad4e9d45f7262bbf3fea5490	manifest_deletes	0	{'attempted':0,'deleted':0,'suppressed':1}	Unknown	0	0		{}
11c69aee3df4	2026-08-04	2026-08-04 11:33:53	2026-08-04 11:33:53.012227	Phase	ca	a777b2dee98b6d61e2ce706944c08b5d	Scheduled	0	972ac3c2ad4e9d45f7262bbf3fea5490	namespace_cleanup	293779	{'evidence_rows':0,'janitor_deleted':0,'janitor_keys':1000,'janitor_pages':1,'leaked':0}	Unknown	0	0		{'CASGCGet':1,'CASOtherGet':1,'CASRootList':1,'ContextLock':8,'DiskConnectionsPreserved':4,'DiskConnectionsReused':4,'DiskS3GetObject':2,'DiskS3HeadObject':2,'DiskS3ReadMicroseconds':1345,'DiskS3ReadRequestsCount':4,'GlobalThreadPoolJobs':1,'IOBufferAllocBytes':8783,'IOBufferAllocs':2,'LocalThreadPoolExpansions':1,'LocalThreadPoolJobs':3,'LocalThreadPoolShrinks':1,'LocalThreadPoolThreadCreationMicroseconds':4,'MemoryAllocatedWithoutCheck':8,'MemoryAllocatedWithoutCheckBytes':8704,'ReadBufferFromS3Bytes':465,'ReadBufferFromS3InitMicroseconds':891,'ReadBufferFromS3Microseconds':901,'S3GetObject':2,'S3HeadObject':2,'S3ReadMicroseconds':1345,'S3ReadRequestsCount':4}
11c69aee3df4	2026-08-04	2026-08-04 11:33:53	2026-08-04 11:33:53.012240	Phase	ca	a777b2dee98b6d61e2ce706944c08b5d	Scheduled	0	972ac3c2ad4e9d45f7262bbf3fea5490	ref_object_cleanup	3	{'namespaces_planned':2,'suppressed':1,'trim_enabled':1}	Unknown	0	0		{}
11c69aee3df4	2026-08-04	2026-08-04 11:33:53	2026-08-04 11:33:53.012244	Phase	ca	a777b2dee98b6d61e2ce706944c08b5d	Scheduled	0	972ac3c2ad4e9d45f7262bbf3fea5490	orphan_sweep	2	{'cursor_advanced':0,'deleted':0,'list_budget_keys':1000,'listed':0,'retained_hold':0,'retained_no_coverage':0,'retained_tail_removal':0,'retained_unconsumed_seal':0,'skipped':0,'suppressed':1}	Unknown	0	0		{}
11c69aee3df4	2026-08-04	2026-08-04 11:33:53	2026-08-04 11:33:53.016309	Finish	ca	a777b2dee98b6d61e2ce706944c08b5d	Scheduled	4	972ac3c2ad4e9d45f7262bbf3fea5490		0	{}	Success	9927	1		{'AsyncLoggingErrorFileLogTotalMessages':2,'AsyncLoggingFileLogTotalMessages':3,'AsyncLoggingTextLogTotalMessages':3,'CASBlobHead':10638,'CASConditionalWriteAttempts':6,'CASConditionalWriteCommitted':6,'CASGCClampSuppressedPasses':1,'CASGCCompareSwap':3,'CASGCEnumerationPages':58,'CASGCGet':12,'CASGCGetStream':1,'CASGCList':1,'CASGCPut':3,'CASGCRefWalkPlansBuilt':1,'CASGCRetiredCondemned':9927,'CASGCRetiredSpared':363,'CASManifestGet':26264,'CASOtherGet':3,'CASRefEmittedEdges':26264,'CASRefGlobalListPages':58,'CASRefLogBodyGets':4736,'CASRefManifestBodyFoldGets':26264,'CASRootGet':4739,'CASRootList':59,'ContextLock':558238,'ContextLockWaitMicroseconds':244,'DiskConnectionsCreated':661,'DiskConnectionsElapsedMicroseconds':50522,'DiskConnectionsExpired':764,'DiskConnectionsPreserved':71912,'DiskConnectionsReused':72015,'DiskS3CreateMultipartUpload':1,'DiskS3GetObject':31018,'DiskS3HeadObject':41657,'DiskS3ReadMicroseconds':15386985,'DiskS3ReadRequestsCount':72675,'DiskS3ReadRequestsErrors':1,'DiskS3WriteMicroseconds':956,'DiskS3WriteRequestAttempts':1,'DiskS3WriteRequestsCount':1,'GlobalThreadPoolJobs':66,'IOBufferAllocBytes':353706501,'IOBufferAllocs':31028,'LocalThreadPoolExpansions':66,'LocalThreadPoolJobs':10110,'LocalThreadPoolLockWaitMicroseconds':36,'LocalThreadPoolShrinks':60,'LocalThreadPoolThreadCreationMicroseconds':266,'LogDebug':1,'LogError':1,'LogTrace':19,'LogWarning':1,'LoggerElapsedNanoseconds':28630,'MemoryAllocatedWithoutCheck':145215,'MemoryAllocatedWithoutCheckBytes':1104151616,'QueryProfilerRuns':5,'ReadBufferFromS3Bytes':202815550,'ReadBufferFromS3InitMicroseconds':9571405,'ReadBufferFromS3Microseconds':9658047,'S3CreateMultipartUpload':1,'S3GetObject':31018,'S3HeadObject':41657,'S3ReadMicroseconds':15386985,'S3ReadRequestsCount':72675,'S3ReadRequestsErrors':1,'S3WriteMicroseconds':956,'S3WriteRequestAttempts':1,'S3WriteRequestsCount':1,'WriteBufferFromS3Bytes':50661238,'WriteBufferFromS3Microseconds':1221}
11c69aee3df4	2026-08-04	2026-08-04 11:34:39	2026-08-04 11:34:39.317252	Start	ca	a777b2dee98b6d61e2ce706944c08b5d	Scheduled	0	ae46f97f746073e093943a84da1408ce		0	{}	Unknown	0	0		{}
11c69aee3df4	2026-08-04	2026-08-04 11:34:39	2026-08-04 11:34:39.320956	Phase	ca	a777b2dee98b6d61e2ce706944c08b5d	Scheduled	0	ae46f97f746073e093943a84da1408ce	lease	3691	{'acquired':1,'steal_allowed':1}	Unknown	0	0		{'CASConditionalWriteAttempts':1,'CASConditionalWriteCommitted':1,'CASGCCompareSwap':1,'CASGCGet':1,'ContextLock':5,'DiskConnectionsPreserved':2,'DiskConnectionsReused':2,'DiskS3GetObject':1,'DiskS3HeadObject':1,'DiskS3ReadMicroseconds':413,'DiskS3ReadRequestsCount':2,'IOBufferAllocBytes':1053066,'IOBufferAllocs':2,'LocalThreadPoolJobs':1,'LogTrace':3,'MemoryAllocatedWithoutCheck':4,'MemoryAllocatedWithoutCheckBytes':4352,'ReadBufferFromS3Bytes':268,'ReadBufferFromS3InitMicroseconds':323,'ReadBufferFromS3Microseconds':326,'S3GetObject':1,'S3HeadObject':1,'S3ReadMicroseconds':413,'S3ReadRequestsCount':2,'WriteBufferFromS3Bytes':268}
11c69aee3df4	2026-08-04	2026-08-04 11:34:39	2026-08-04 11:34:39.324423	Phase	ca	a777b2dee98b6d61e2ce706944c08b5d	Scheduled	0	ae46f97f746073e093943a84da1408ce	pre_fold_ref_drain	1802	{'deleted':0}	Unknown	0	0		{'CASGCGet':2,'CASOtherGet':1,'ContextLock':12,'DiskConnectionsPreserved':6,'DiskConnectionsReused':6,'DiskS3GetObject':3,'DiskS3HeadObject':3,'DiskS3ReadMicroseconds':1184,'DiskS3ReadRequestsCount':6,'IOBufferAllocBytes':13530,'IOBufferAllocs':3,'MemoryAllocatedWithoutCheck':12,'MemoryAllocatedWithoutCheckBytes':13056,'ReadBufferFromS3Bytes':1053,'ReadBufferFromS3InitMicroseconds':916,'ReadBufferFromS3Microseconds':923,'S3GetObject':3,'S3HeadObject':3,'S3ReadMicroseconds':1184,'S3ReadRequestsCount':6}
11c69aee3df4	2026-08-04	2026-08-04 11:34:39	2026-08-04 11:34:39.326755	Phase	ca	a777b2dee98b6d61e2ce706944c08b5d	Scheduled	0	ae46f97f746073e093943a84da1408ce	heartbeat_floor	2319	{'already_fenced':0,'fenced_now':0,'live':2,'terminated':0}	Unknown	0	0		{'CASGCGet':2,'CASGCList':1,'ContextLock':9,'DiskConnectionsPreserved':4,'DiskConnectionsReused':4,'DiskS3GetObject':2,'DiskS3HeadObject':2,'DiskS3ReadMicroseconds':858,'DiskS3ReadRequestsCount':4,'GlobalThreadPoolJobs':1,'IOBufferAllocBytes':8694,'IOBufferAllocs':2,'LocalThreadPoolExpansions':1,'LocalThreadPoolJobs':1,'LocalThreadPoolShrinks':1,'LocalThreadPoolThreadCreationMicroseconds':5,'MemoryAllocatedWithoutCheck':8,'MemoryAllocatedWithoutCheckBytes':8704,'ReadBufferFromS3Bytes':376,'ReadBufferFromS3InitMicroseconds':631,'ReadBufferFromS3Microseconds':634,'S3GetObject':2,'S3HeadObject':2,'S3ReadMicroseconds':858,'S3ReadRequestsCount':4}
11c69aee3df4	2026-08-04	2026-08-04 11:34:58	2026-08-04 11:34:58.074484	Phase	ca	a777b2dee98b6d61e2ce706944c08b5d	Scheduled	0	ae46f97f746073e093943a84da1408ce	defer_decision	18747702	{'changed_shards':2,'dead_life_debris':0,'deferred':0,'fold_seal_reads':2,'graduation_due':1,'namespaces_seen':2,'ref_keys_listed':58379,'ref_log_keys_listed':58133,'rounds_deferred_before':0,'walk_plan_builds':1,'walk_plan_dropped_listed_lives':0,'walk_plan_dropped_parent_rows':0,'walk_plan_dropped_tails':0,'walk_plan_rows':2}	Unknown	0	0		{'CASGCEnumerationPages':59,'CASGCGet':2,'CASGCRefWalkPlansBuilt':1,'CASOtherGet':1,'CASRefGlobalListPages':59,'CASRootList':59,'ContextLock':12,'DiskConnectionsPreserved':6,'DiskConnectionsReused':6,'DiskS3GetObject':3,'DiskS3HeadObject':3,'DiskS3ReadMicroseconds':3196,'DiskS3ReadRequestsCount':6,'GlobalThreadPoolJobs':59,'IOBufferAllocBytes':13734,'IOBufferAllocs':3,'LocalThreadPoolExpansions':59,'LocalThreadPoolJobs':174,'LocalThreadPoolLockWaitMicroseconds':43,'LocalThreadPoolShrinks':59,'LocalThreadPoolThreadCreationMicroseconds':216,'MemoryAllocatedWithoutCheck':12,'MemoryAllocatedWithoutCheckBytes':13056,'QueryProfilerRuns':2,'ReadBufferFromS3Bytes':1257,'ReadBufferFromS3InitMicroseconds':2578,'ReadBufferFromS3Microseconds':2592,'S3GetObject':3,'S3HeadObject':3,'S3ReadMicroseconds':3196,'S3ReadRequestsCount':6}
11c69aee3df4	2026-08-04	2026-08-04 11:34:58	2026-08-04 11:34:58.075133	Phase	ca	a777b2dee98b6d61e2ce706944c08b5d	Scheduled	0	ae46f97f746073e093943a84da1408ce	parent_seal_read	635	{'parent_runs':1}	Unknown	0	0		{'CASGCGet':1,'ContextLock':4,'DiskConnectionsPreserved':2,'DiskConnectionsReused':2,'DiskS3GetObject':1,'DiskS3HeadObject':1,'DiskS3ReadMicroseconds':469,'DiskS3ReadRequestsCount':2,'IOBufferAllocBytes':4631,'IOBufferAllocs':1,'MemoryAllocatedWithoutCheck':4,'MemoryAllocatedWithoutCheckBytes':4352,'ReadBufferFromS3Bytes':472,'ReadBufferFromS3InitMicroseconds':328,'ReadBufferFromS3Microseconds':330,'S3GetObject':1,'S3HeadObject':1,'S3ReadMicroseconds':469,'S3ReadRequestsCount':2}
11c69aee3df4	2026-08-04	2026-08-04 11:34:58	2026-08-04 11:34:58.078955	Phase	ca	a777b2dee98b6d61e2ce706944c08b5d	Scheduled	0	ae46f97f746073e093943a84da1408ce	fold_ref_group	3817	{'namespaces_seen':2,'ref_folding_aborted':0,'ref_keys_listed':58379}	Unknown	0	0		{}
11c69aee3df4	2026-08-04	2026-08-04 11:34:58	2026-08-04 11:34:58.080845	Phase	ca	a777b2dee98b6d61e2ce706944c08b5d	Scheduled	0	ae46f97f746073e093943a84da1408ce	fold_seal_read	1881	{'dropped_parent_ref_lives':0,'parent_cleanup_evidence':0,'parent_ref_lives':2,'parent_runs':1,'redundant_reads':1,'seal_reads':2}	Unknown	0	0		{'CASGCGet':2,'ContextLock':8,'DiskConnectionsExpired':1,'DiskConnectionsPreserved':3,'DiskConnectionsReused':4,'DiskS3GetObject':2,'DiskS3HeadObject':2,'DiskS3ReadMicroseconds':1340,'DiskS3ReadRequestsCount':4,'IOBufferAllocBytes':9262,'IOBufferAllocs':2,'MemoryAllocatedWithoutCheck':6,'MemoryAllocatedWithoutCheckBytes':6528,'ReadBufferFromS3Bytes':944,'ReadBufferFromS3InitMicroseconds':971,'ReadBufferFromS3Microseconds':979,'S3GetObject':2,'S3HeadObject':2,'S3ReadMicroseconds':1340,'S3ReadRequestsCount':4}
11c69aee3df4	2026-08-04	2026-08-04 11:35:38	2026-08-04 11:35:38.782440	Phase	ca	a777b2dee98b6d61e2ce706944c08b5d	Scheduled	0	ae46f97f746073e093943a84da1408ce	fold_ref_intake	40701576	{'absent_probes':0,'catalog_entries':2,'catalog_only_walked':0,'catalog_proved_empty':0,'dead_precommits_skipped':0,'deltas_emitted':890526,'epoch_crossings':0,'frontier_namespaces':2,'frontier_proven':2,'frontier_unprobed_budget':0,'logs_accounted':6869,'logs_applied':6869,'namespace_removals':0,'ref_folding_aborted':0,'tables_changed':2,'tables_clamped':0,'tables_held':0,'tables_scanned':2,'tails_advanced':1,'tails_below_cursor':0,'tails_unchanged':0,'transactions_opened':6869,'unhinted_held_walked':0,'unhinted_quiet_walked':0}	Unknown	0	0		{'CASManifestGet':60904,'CASRefEmittedEdges':60904,'CASRefLogBodyGets':6869,'CASRefManifestBodyFoldGets':60904,'CASRootGet':6871,'ContextLock':1161259,'ContextLockWaitMicroseconds':216,'DiskConnectionsCreated':1282,'DiskConnectionsElapsedMicroseconds':96225,'DiskConnectionsExpired':1456,'DiskConnectionsPreserved':134094,'DiskConnectionsReused':134268,'DiskS3GetObject':67775,'DiskS3HeadObject':67775,'DiskS3ReadMicroseconds':27195503,'DiskS3ReadRequestsCount':135550,'IOBufferAllocBytes':651618469,'IOBufferAllocs':67775,'MemoryAllocatedWithoutCheck':270845,'MemoryAllocatedWithoutCheckBytes':1070065088,'QueryProfilerRuns':6,'ReadBufferFromS3Bytes':369742244,'ReadBufferFromS3InitMicroseconds':19978155,'ReadBufferFromS3Microseconds':20140135,'S3GetObject':67775,'S3HeadObject':67775,'S3ReadMicroseconds':27195503,'S3ReadRequestsCount':135550}
11c69aee3df4	2026-08-04	2026-08-04 11:36:01	2026-08-04 11:36:01.030384	Phase	ca	a777b2dee98b6d61e2ce706944c08b5d	Scheduled	0	ae46f97f746073e093943a84da1408ce	fold_reduce	22247772	{'condemned':45908,'deltas_in':890526,'frontier_complete':1,'graduated':5000,'redelete_pending':0,'runs_written':1,'shards_pure_carry':0,'shards_reduced':1,'shards_total':1,'spared':2316,'suppress_destructive':0,'transactions_unapplied':0,'unmatched_removes':0}	Unknown	0	0		{'AsyncLoggingFileLogTotalMessages':2001,'AsyncLoggingTextLogTotalMessages':2001,'CASBlobHead':45908,'CASConditionalWriteAttempts':1,'CASConditionalWriteCommitted':1,'CASGCEnumerationPages':1,'CASGCGet':3002,'CASGCGetStream':1,'CASGCPut':1,'CASGCRetiredCondemned':45908,'CASManifestGet':100,'CASManifestList':1,'CASOtherGet':1,'CASRootGet':5191,'ContextLock':163181,'ContextLockWaitMicroseconds':144,'DiskConnectionsCreated':437,'DiskConnectionsElapsedMicroseconds':34089,'DiskConnectionsExpired':627,'DiskConnectionsPreserved':59871,'DiskConnectionsReset':1,'DiskConnectionsReused':60062,'DiskS3CreateMultipartUpload':1,'DiskS3GetObject':6295,'DiskS3HeadObject':54203,'DiskS3ReadMicroseconds':14497183,'DiskS3ReadRequestsCount':60498,'DiskS3ReadRequestsErrors':2000,'DiskS3WriteMicroseconds':662,'DiskS3WriteRequestAttempts':1,'DiskS3WriteRequestsCount':1,'GlobalThreadPoolJobs':1,'IOBufferAllocBytes':79911384,'IOBufferAllocs':6299,'LocalThreadPoolExpansions':1,'LocalThreadPoolJobs':45913,'LocalThreadPoolLockWaitMicroseconds':132,'LocalThreadPoolShrinks':1,'LocalThreadPoolThreadCreationMicroseconds':4,'LogDebug':2001,'LogTrace':4,'LoggerElapsedNanoseconds':5888498,'MemoryAllocatedWithoutCheck':120644,'MemoryAllocatedWithoutCheckBytes':802369292,'QueryProfilerRuns':3,'ReadBufferFromS3Bytes':49972598,'ReadBufferFromS3InitMicroseconds':1597042,'ReadBufferFromS3Microseconds':1622115,'S3CreateMultipartUpload':1,'S3GetObject':6295,'S3HeadObject':54203,'S3ReadMicroseconds':14497183,'S3ReadRequestsCount':60498,'S3ReadRequestsErrors':2000,'S3WriteMicroseconds':662,'S3WriteRequestAttempts':1,'S3WriteRequestsCount':1,'WriteBufferFromS3Bytes':44837541,'WriteBufferFromS3Microseconds':933}
11c69aee3df4	2026-08-04	2026-08-04 11:36:01	2026-08-04 11:36:01.031369	Phase	ca	a777b2dee98b6d61e2ce706944c08b5d	Scheduled	0	ae46f97f746073e093943a84da1408ce	fold_seal_write	971	{'seal_bytes':408,'seal_cleanup_evidence':0,'seal_ref_lives':2,'seal_runs':1}	Unknown	0	0		{'CASConditionalWriteAttempts':1,'CASConditionalWriteCommitted':1,'CASGCPut':1,'ContextLock':1,'IOBufferAllocBytes':1048639,'IOBufferAllocs':1,'LocalThreadPoolJobs':1,'LogTrace':3,'WriteBufferFromS3Bytes':408}
11c69aee3df4	2026-08-04	2026-08-04 11:36:01	2026-08-04 11:36:01.039259	Phase	ca	a777b2dee98b6d61e2ce706944c08b5d	Scheduled	0	ae46f97f746073e093943a84da1408ce	pending_deletes	7474	{'absent':0,'deleted':0,'graduated':5000,'outcome_logs_written':1,'redeleted':0,'replaced':0,'spared':2316}	Unknown	0	0		{'CASConditionalWriteAttempts':1,'CASConditionalWriteCommitted':1,'CASGCPut':1,'CASGCRetiredGraduated':5000,'CASGCRetiredSpared':2316,'ContextLock':7317,'IOBufferAllocBytes':1048639,'IOBufferAllocs':1,'LocalThreadPoolJobs':1,'LogTrace':3,'WriteBufferFromS3Bytes':85939}
11c69aee3df4	2026-08-04	2026-08-04 11:36:01	2026-08-04 11:36:01.039264	Phase	ca	a777b2dee98b6d61e2ce706944c08b5d	Scheduled	0	ae46f97f746073e093943a84da1408ce	meta_pool_wait	1	{'jobs_completed':45908,'jobs_completed_on_entry':45908,'jobs_scheduled':45908}	Unknown	0	0		{}
11c69aee3df4	2026-08-04	2026-08-04 11:36:01	2026-08-04 11:36:01.047047	Phase	ca	a777b2dee98b6d61e2ce706944c08b5d	Scheduled	0	ae46f97f746073e093943a84da1408ce	round_commit	7772	{'generation':6,'generations_referenced':2,'generations_visited':3,'pruned_through':3,'round':6}	Unknown	0	0		{'CASConditionalWriteAttempts':1,'CASConditionalWriteCommitted':1,'CASGCCompareSwap':1,'CASGCDelete':6,'CASGCEnumerationPages':3,'CASGCList':3,'ContextLock':7,'DiskConnectionsPreserved':6,'DiskConnectionsReused':6,'DiskS3DeleteObjects':6,'DiskS3WriteMicroseconds':3512,'DiskS3WriteRequestAttempts':6,'DiskS3WriteRequestsCount':6,'GlobalThreadPoolJobs':3,'IOBufferAllocBytes':1048639,'IOBufferAllocs':1,'LocalThreadPoolExpansions':3,'LocalThreadPoolJobs':4,'LocalThreadPoolShrinks':3,'LocalThreadPoolThreadCreationMicroseconds':8,'LogTrace':3,'MemoryAllocatedWithoutCheck':12,'MemoryAllocatedWithoutCheckBytes':13056,'S3WriteMicroseconds':3512,'S3WriteRequestAttempts':6,'S3WriteRequestsCount':6,'WriteBufferFromS3Bytes':268}
11c69aee3df4	2026-08-04	2026-08-04 11:36:01	2026-08-04 11:36:01.047053	Phase	ca	a777b2dee98b6d61e2ce706944c08b5d	Scheduled	0	ae46f97f746073e093943a84da1408ce	handoff_reclaim	1	{'generations_reclaimed':0,'objects_reclaimed':0,'suppressed':0}	Unknown	0	0		{}
11c69aee3df4	2026-08-04	2026-08-04 11:36:18	2026-08-04 11:36:18.712551	Phase	ca	a777b2dee98b6d61e2ce706944c08b5d	Scheduled	0	ae46f97f746073e093943a84da1408ce	manifest_deletes	17665482	{'attempted':33428,'deleted':33428,'suppressed':0}	Unknown	0	0		{'CASManifestDelete':33428,'ContextLock':66856,'ContextLockWaitMicroseconds':49,'DiskConnectionsCreated':324,'DiskConnectionsElapsedMicroseconds':22056,'DiskConnectionsExpired':340,'DiskConnectionsPreserved':33088,'DiskConnectionsReused':33104,'DiskS3DeleteObjects':33428,'DiskS3WriteMicroseconds':15077753,'DiskS3WriteRequestAttempts':33428,'DiskS3WriteRequestsCount':33428,'MemoryAllocatedWithoutCheck':66827,'MemoryAllocatedWithoutCheckBytes':78332512,'QueryProfilerRuns':2,'S3WriteMicroseconds':15077753,'S3WriteRequestAttempts':33428,'S3WriteRequestsCount':33428}
11c69aee3df4	2026-08-04	2026-08-04 11:36:19	2026-08-04 11:36:19.006647	Phase	ca	a777b2dee98b6d61e2ce706944c08b5d	Scheduled	0	ae46f97f746073e093943a84da1408ce	namespace_cleanup	294071	{'evidence_rows':0,'janitor_deleted':0,'janitor_keys':1000,'janitor_pages':1,'leaked':0}	Unknown	0	0		{'CASConditionalWriteAttempts':1,'CASConditionalWriteCommitted':1,'CASGCCompareSwap':1,'CASGCGet':2,'CASOtherGet':1,'CASRootList':1,'ContextLock':13,'DiskConnectionsPreserved':6,'DiskConnectionsReused':6,'DiskS3GetObject':3,'DiskS3HeadObject':3,'DiskS3ReadMicroseconds':1242,'DiskS3ReadRequestsCount':6,'GlobalThreadPoolJobs':1,'IOBufferAllocBytes':1061849,'IOBufferAllocs':4,'LocalThreadPoolExpansions':1,'LocalThreadPoolJobs':4,'LocalThreadPoolShrinks':1,'LocalThreadPoolThreadCreationMicroseconds':5,'LogTrace':3,'MemoryAllocatedWithoutCheck':12,'MemoryAllocatedWithoutCheckBytes':13056,'ReadBufferFromS3Bytes':733,'ReadBufferFromS3InitMicroseconds':933,'ReadBufferFromS3Microseconds':943,'S3GetObject':3,'S3HeadObject':3,'S3ReadMicroseconds':1242,'S3ReadRequestsCount':6,'WriteBufferFromS3Bytes':152}
11c69aee3df4	2026-08-04	2026-08-04 11:36:28	2026-08-04 11:36:28.443350	Phase	ca	a777b2dee98b6d61e2ce706944c08b5d	Scheduled	0	ae46f97f746073e093943a84da1408ce	ref_object_cleanup	9436677	{'namespaces_planned':2,'suppressed':0,'trim_enabled':1}	Unknown	0	0		{'CASGCGet':5000,'CASOtherGet':5000,'CASRefCleanupObjectsDeleted':5000,'CASRootDelete':5000,'CASRootGet':2,'CASRootHead':5000,'ContextLock':45008,'ContextLockWaitMicroseconds':22,'DiskConnectionsCreated':296,'DiskConnectionsElapsedMicroseconds':20236,'DiskConnectionsExpired':300,'DiskConnectionsPreserved':29704,'DiskConnectionsReused':29708,'DiskS3DeleteObjects':5000,'DiskS3GetObject':10002,'DiskS3HeadObject':15002,'DiskS3ReadMicroseconds':4828269,'DiskS3ReadRequestsCount':25004,'DiskS3WriteMicroseconds':2522314,'DiskS3WriteRequestAttempts':5000,'DiskS3WriteRequestsCount':5000,'IOBufferAllocBytes':44611326,'IOBufferAllocs':10002,'MemoryAllocatedWithoutCheck':60000,'MemoryAllocatedWithoutCheckBytes':65280000,'QueryProfilerRuns':1,'ReadBufferFromS3Bytes':3013008,'ReadBufferFromS3InitMicroseconds':2885581,'ReadBufferFromS3Microseconds':2904517,'S3GetObject':10002,'S3HeadObject':15002,'S3ReadMicroseconds':4828269,'S3ReadRequestsCount':25004,'S3WriteMicroseconds':2522314,'S3WriteRequestAttempts':5000,'S3WriteRequestsCount':5000}
11c69aee3df4	2026-08-04	2026-08-04 11:36:28	2026-08-04 11:36:28.443371	Phase	ca	a777b2dee98b6d61e2ce706944c08b5d	Scheduled	0	ae46f97f746073e093943a84da1408ce	orphan_sweep	14	{'cursor_advanced':1,'deleted':0,'list_budget_keys':1000,'listed':1000,'retained_hold':0,'retained_no_coverage':0,'retained_tail_removal':0,'retained_unconsumed_seal':0,'skipped':1000,'suppressed':0}	Unknown	0	0		{'AsyncLoggingFileLogTotalMessages':1,'AsyncLoggingTextLogTotalMessages':1,'LogInfo':1,'LoggerElapsedNanoseconds':10540}
11c69aee3df4	2026-08-04	2026-08-04 11:36:28	2026-08-04 11:36:28.449863	Finish	ca	a777b2dee98b6d61e2ce706944c08b5d	Scheduled	6	ae46f97f746073e093943a84da1408ce		0	{}	Success	45908	0		{'AsyncLoggingFileLogTotalMessages':2002,'AsyncLoggingTextLogTotalMessages':2002,'CASBlobHead':45908,'CASConditionalWriteAttempts':7,'CASConditionalWriteCommitted':7,'CASGCCompareSwap':4,'CASGCDelete':6,'CASGCEnumerationPages':63,'CASGCGet':8015,'CASGCGetStream':1,'CASGCList':4,'CASGCPut':3,'CASGCRefWalkPlansBuilt':1,'CASGCRetiredCondemned':45908,'CASGCRetiredGraduated':5000,'CASGCRetiredSpared':2316,'CASManifestDelete':33428,'CASManifestGet':61004,'CASManifestList':1,'CASOtherGet':5004,'CASRefCleanupObjectsDeleted':5000,'CASRefEmittedEdges':60904,'CASRefGlobalListPages':59,'CASRefLogBodyGets':6869,'CASRefManifestBodyFoldGets':60904,'CASRootDelete':5000,'CASRootGet':12064,'CASRootHead':5000,'CASRootList':60,'ContextLock':1443717,'ContextLockWaitMicroseconds':431,'DiskConnectionsCreated':2339,'DiskConnectionsElapsedMicroseconds':172606,'DiskConnectionsExpired':2724,'DiskConnectionsPreserved':256794,'DiskConnectionsReset':1,'DiskConnectionsReused':257180,'DiskS3CreateMultipartUpload':1,'DiskS3DeleteObjects':38434,'DiskS3GetObject':84088,'DiskS3HeadObject':136996,'DiskS3ReadMicroseconds':46530007,'DiskS3ReadRequestsCount':221084,'DiskS3ReadRequestsErrors':2000,'DiskS3WriteMicroseconds':17604241,'DiskS3WriteRequestAttempts':38435,'DiskS3WriteRequestsCount':38435,'GlobalThreadPoolJobs':65,'IOBufferAllocBytes':782504741,'IOBufferAllocs':84098,'LocalThreadPoolExpansions':65,'LocalThreadPoolJobs':46100,'LocalThreadPoolLockWaitMicroseconds':175,'LocalThreadPoolShrinks':65,'LocalThreadPoolThreadCreationMicroseconds':238,'LogDebug':2001,'LogInfo':1,'LogTrace':22,'LoggerElapsedNanoseconds':5899038,'MemoryAllocatedWithoutCheck':518390,'MemoryAllocatedWithoutCheckBytes':2016127404,'QueryProfilerRuns':14,'ReadBufferFromS3Bytes':422733034,'ReadBufferFromS3InitMicroseconds':24467714,'ReadBufferFromS3Microseconds':24673752,'S3CreateMultipartUpload':1,'S3GetObject':84088,'S3HeadObject':136996,'S3ReadMicroseconds':46530007,'S3ReadRequestsCount':221084,'S3ReadRequestsErrors':2000,'S3WriteMicroseconds':17604241,'S3WriteRequestAttempts':38435,'S3WriteRequestsCount':38435,'WriteBufferFromS3Bytes':44924657,'WriteBufferFromS3Microseconds':933}
