C-3688	rationale-only-no-identifier
C-3689	rationale-only-no-identifier
C-3690	rationale-only-no-identifier
C-3691	rationale-only-no-identifier
C-3692	rationale-only-no-identifier
C-3696	rationale-only-no-identifier
C-2170	rationale-only-no-identifier
C-2171	rationale-only-no-identifier
C-2174	rationale-only-no-identifier
C-2177	rationale-only-no-identifier
C-2182	rationale-only-no-identifier
C-2183	rationale-only-no-identifier
C-2184	rationale-only-no-identifier
C-2185	rationale-only-no-identifier
C-3375	bare-metric-no-identifier
C-3376	bare-metric-no-identifier
C-2012	rationale-only-no-identifier
C-2015	rationale-only-no-identifier
C-2016	rationale-only-no-identifier
C-2018	rationale-only-no-identifier
C-2022	rationale-only-no-identifier
C-2023	rationale-only-no-identifier
C-2028	rationale-only-no-identifier
C-2031	rationale-only-no-identifier
C-2037	rationale-only-no-identifier
C-0394	rationale-only-no-identifier
C-0403	rationale-only-no-identifier
C-0408	rationale-only-no-identifier
C-0411	rationale-only-no-identifier
C-0417	bare-metric-no-identifier
C-3492	rationale-only-no-identifier
C-3518	bare-metric-no-identifier
C-3587	rationale-only-no-identifier
C-3592	rationale-only-no-identifier
C-1961	rationale-only-no-identifier
C-1970	external-system-only
C-1976	rationale-only-no-identifier
C-1979	rationale-only-no-identifier
C-1981	rationale-only-no-identifier
C-0011	external-system-only
C-0025	rationale-only-no-identifier
C-0029	rationale-only-no-identifier
C-0030	rationale-only-no-identifier
C-0383	rationale-only-no-identifier
C-0385	rationale-only-no-identifier
C-0387	external-system-only
C-0122	external-system-only
C-3533	external-system-only
C-3536	rationale-only-no-identifier
C-3537	rationale-only-no-identifier
C-3544	external-system-only
C-3548	external-system-only
C-3539	rationale-only-no-identifier
C-3232	rationale-only-no-identifier
C-2104	bare-metric-no-identifier
C-2108	rationale-only-no-identifier
C-2109	rationale-only-no-identifier
C-3164	external-system-only
C-3252	rationale-only-no-identifier
C-3258	rationale-only-no-identifier
C-0138	external-system-only
C-1992	rationale-only-no-identifier
C-1993	rationale-only-no-identifier
C-1996	rationale-only-no-identifier
C-1997	rationale-only-no-identifier
C-2001	rationale-only-no-identifier
C-2010	rationale-only-no-identifier
C-3351	rationale-only-no-identifier
C-3353	rationale-only-no-identifier
C-3364	rationale-only-no-identifier
C-2043	rationale-only-no-identifier
C-2044	rationale-only-no-identifier
C-2045	rationale-only-no-identifier
C-2046	rationale-only-no-identifier
C-2049	rationale-only-no-identifier
C-2050	rationale-only-no-identifier
C-2051	rationale-only-no-identifier
C-2052	rationale-only-no-identifier
C-2053	rationale-only-no-identifier
C-2054	rationale-only-no-identifier
C-2062	rationale-only-no-identifier
C-2063	rationale-only-no-identifier
C-2070	rationale-only-no-identifier
C-1710	external-system-only
C-2072	rationale-only-no-identifier
C-2075	rationale-only-no-identifier
C-2078	bare-metric-no-identifier
C-2080	bare-metric-no-identifier
C-2085	bare-metric-no-identifier
C-2088	bare-metric-no-identifier
C-2089	bare-metric-no-identifier
C-2097	bare-metric-no-identifier
C-2100	bare-metric-no-identifier
C-2102	bare-metric-no-identifier
C-2526	rationale-only-no-identifier
C-2540	bare-metric-no-identifier
C-2554	rationale-only-no-identifier
C-2557	rationale-only-no-identifier
C-2558	rationale-only-no-identifier
C-4003	rationale-only-no-identifier
C-4004	rationale-only-no-identifier
C-4008	rationale-only-no-identifier
C-4010	rationale-only-no-identifier
C-4015	rationale-only-no-identifier
C-4020	rationale-only-no-identifier
C-3878	bare-metric-no-identifier
C-3879	rationale-only-no-identifier
C-3885	external-system-only
C-4042	external-system-only
C-3844	rationale-only-no-identifier
C-3845	rationale-only-no-identifier
C-3863	bare-metric-no-identifier
C-3868	bare-metric-no-identifier
C-3672	rationale-only-no-identifier
C-4104	external-system-only
C-2499	rationale-only-no-identifier
C-2502	rationale-only-no-identifier
C-2504	rationale-only-no-identifier
C-2505	rationale-only-no-identifier
C-2520	rationale-only-no-identifier
C-4175	rationale-only-no-identifier
C-4180	rationale-only-no-identifier
C-4181	rationale-only-no-identifier
C-4190	bare-metric-no-identifier
C-4194	bare-metric-no-identifier
C-4195	bare-metric-no-identifier
C-4196	bare-metric-no-identifier
C-4203	bare-metric-no-identifier
C-4205	bare-metric-no-identifier
C-4276	bare-metric-no-identifier
C-4277	bare-metric-no-identifier
C-4280	bare-metric-no-identifier
C-4281	bare-metric-no-identifier
C-4284	bare-metric-no-identifier
C-4290	bare-metric-no-identifier
C-4292	bare-metric-no-identifier
C-4297	bare-metric-no-identifier
C-4329	bare-metric-no-identifier
C-4330	bare-metric-no-identifier
C-4340	bare-metric-no-identifier
C-4341	bare-metric-no-identifier
C-4344	bare-metric-no-identifier
C-4345	bare-metric-no-identifier
C-4349	bare-metric-no-identifier
C-4351	bare-metric-no-identifier
C-2824	rationale-only-no-identifier
C-2825	rationale-only-no-identifier
C-2835	rationale-only-no-identifier
C-2837	rationale-only-no-identifier
C-2843	rationale-only-no-identifier
C-2844	rationale-only-no-identifier
C-0923	external-system-only
C-0929	rationale-only-no-identifier
C-0930	rationale-only-no-identifier
C-4301	bare-metric-no-identifier
C-4303	bare-metric-no-identifier
C-4307	bare-metric-no-identifier
C-4309	bare-metric-no-identifier
C-4310	bare-metric-no-identifier
C-4318	bare-metric-no-identifier
C-4323	bare-metric-no-identifier
C-4325	bare-metric-no-identifier
C-4326	bare-metric-no-identifier
C-4328	bare-metric-no-identifier
C-4218	bare-metric-no-identifier
C-4220	bare-metric-no-identifier
C-4223	bare-metric-no-identifier
C-4224	bare-metric-no-identifier
C-4226	bare-metric-no-identifier
C-4228	bare-metric-no-identifier
C-4230	bare-metric-no-identifier
C-4233	bare-metric-no-identifier
C-4234	bare-metric-no-identifier
C-4238	bare-metric-no-identifier
C-1152	rationale-only-no-identifier
C-1155	rationale-only-no-identifier
C-1157	rationale-only-no-identifier
C-1160	rationale-only-no-identifier
C-1164	rationale-only-no-identifier
C-1166	rationale-only-no-identifier
C-1167	rationale-only-no-identifier
C-1168	rationale-only-no-identifier
C-1169	rationale-only-no-identifier
C-1123	rationale-only-no-identifier
C-1131	rationale-only-no-identifier
C-1134	rationale-only-no-identifier
C-1136	rationale-only-no-identifier
C-1144	rationale-only-no-identifier
C-4422	external-system-only
C-4240	bare-metric-no-identifier
C-4241	bare-metric-no-identifier
C-4242	bare-metric-no-identifier
C-4244	bare-metric-no-identifier
C-4245	bare-metric-no-identifier
C-4246	bare-metric-no-identifier
C-4247	bare-metric-no-identifier
C-4248	bare-metric-no-identifier
C-4257	bare-metric-no-identifier
C-4359	bare-metric-no-identifier
C-4365	bare-metric-no-identifier
C-4366	bare-metric-no-identifier
C-4368	bare-metric-no-identifier
C-4538	external-system-only
C-4540	rationale-only-no-identifier
C-0965	rationale-only-no-identifier
C-0967	rationale-only-no-identifier
C-0969	rationale-only-no-identifier
C-0973	rationale-only-no-identifier
C-0975	rationale-only-no-identifier
C-0976	rationale-only-no-identifier
C-0978	rationale-only-no-identifier
C-0985	rationale-only-no-identifier
C-0988	rationale-only-no-identifier
C-0989	rationale-only-no-identifier
C-2673	external-system-only
C-2872	external-system-only
C-1089	rationale-only-no-identifier
C-1090	rationale-only-no-identifier
C-1091	rationale-only-no-identifier
C-1101	rationale-only-no-identifier
C-1103	rationale-only-no-identifier
C-1104	rationale-only-no-identifier
C-1107	rationale-only-no-identifier
C-1114	rationale-only-no-identifier
C-1079	rationale-only-no-identifier
C-1081	rationale-only-no-identifier
C-1083	rationale-only-no-identifier
C-1084	rationale-only-no-identifier
C-1012	bare-metric-no-identifier
C-1017	bare-metric-no-identifier
C-1022	rationale-only-no-identifier
C-1025	external-system-only
C-0938	rationale-only-no-identifier
C-0939	rationale-only-no-identifier
C-0940	rationale-only-no-identifier
C-0943	rationale-only-no-identifier
C-0948	rationale-only-no-identifier
C-0949	rationale-only-no-identifier
C-0960	rationale-only-no-identifier
C-1417	rationale-only-no-identifier
C-1421	rationale-only-no-identifier
C-1422	external-system-only
C-1425	rationale-only-no-identifier
C-1428	rationale-only-no-identifier
C-1429	rationale-only-no-identifier
C-1432	rationale-only-no-identifier
C-1435	rationale-only-no-identifier
C-1436	rationale-only-no-identifier
C-1437	rationale-only-no-identifier
C-1438	rationale-only-no-identifier
C-1439	rationale-only-no-identifier
C-1442	rationale-only-no-identifier
C-1449	rationale-only-no-identifier
C-1453	rationale-only-no-identifier
C-1456	rationale-only-no-identifier
C-1209	rationale-only-no-identifier
C-1212	rationale-only-no-identifier
C-1215	rationale-only-no-identifier
C-1216	rationale-only-no-identifier
C-1217	rationale-only-no-identifier
C-1218	rationale-only-no-identifier
C-1343	bare-metric-no-identifier
C-1345	bare-metric-no-identifier
C-1346	bare-metric-no-identifier
C-1347	bare-metric-no-identifier
C-1349	bare-metric-no-identifier
C-1350	bare-metric-no-identifier
C-1351	bare-metric-no-identifier
C-3056	rationale-only-no-identifier
C-2949	external-system-only
C-3100	rationale-only-no-identifier
C-1178	rationale-only-no-identifier
C-1182	rationale-only-no-identifier
C-1184	rationale-only-no-identifier
C-1197	rationale-only-no-identifier
C-1198	rationale-only-no-identifier
C-1199	rationale-only-no-identifier
C-1200	rationale-only-no-identifier
C-1202	rationale-only-no-identifier
C-4571	rationale-only-no-identifier
C-4572	rationale-only-no-identifier
C-4573	rationale-only-no-identifier
C-4576	rationale-only-no-identifier
C-4582	rationale-only-no-identifier
C-4585	rationale-only-no-identifier
C-4586	rationale-only-no-identifier
C-4588	external-system-only
C-4631	external-system-only
C-4541	external-system-only
C-4542	rationale-only-no-identifier
C-4543	rationale-only-no-identifier
C-4545	rationale-only-no-identifier
C-4548	rationale-only-no-identifier
C-4549	rationale-only-no-identifier
C-4552	rationale-only-no-identifier
C-4558	rationale-only-no-identifier
C-4561	rationale-only-no-identifier
C-4504	bare-metric-no-identifier
C-1354	bare-metric-no-identifier
C-1358	rationale-only-no-identifier
C-1364	rationale-only-no-identifier
C-1365	rationale-only-no-identifier
C-1367	rationale-only-no-identifier
C-1369	rationale-only-no-identifier
C-1372	rationale-only-no-identifier
C-1375	rationale-only-no-identifier
C-1379	rationale-only-no-identifier
C-1381	rationale-only-no-identifier
C-1383	external-system-only
C-1390	rationale-only-no-identifier
C-1393	rationale-only-no-identifier
C-1406	rationale-only-no-identifier
C-1408	rationale-only-no-identifier
C-1410	rationale-only-no-identifier
C-3070	rationale-only-no-identifier
C-3075	rationale-only-no-identifier
C-3085	rationale-only-no-identifier
C-3099	rationale-only-no-identifier
